uniquecode,received,uniquecode2,materialcode
Z74QQLTZ,2020-01-09 20:00:00,NQTMTUH6,NK 212-63AA00001
7X9994L3,2020-01-09 20:00:00,NQ33PNU4,NK 212-63AA00002
7X4GGGF3,2020-01-09 20:00:00,NQP79CE4,NK 212-63AA00003
Z7JF3PLX,2020-01-09 20:00:00,NQT9LPPA,NK 212-63AA00004
Z7EAM6H3,2020-01-09 20:00:00,NQHMQU44,NK 212-63AA00005
Z7JNFQ6F,2020-01-09 20:00:00,NQMF4M6C,NK 212-63AA00006
Z73EN6UF,2020-01-09 20:00:00,NQHHTE7A,NK 212-63AA00007
Z7UCTUM4,2020-01-09 20:00:00,NQTF9UP9,NK 212-63AA00008
Z7UJ4MA3,2020-01-09 20:00:00,NQJUAGG6,NK 212-63AA00009
Z7UQ3N3F,2020-01-09 20:00:00,NQNCP7F9,NK 212-63AA00010
Z7GTAE6Z,2020-01-09 20:00:00,NQAQEU44,NK 212-63AA00011
7XHTHGH3,2020-01-09 20:00:00,NQTMUE79,NK 212-63AA00012
7XGPJUFA,2020-01-09 20:00:00,NQGJC699,NK 212-63AA00013
Z7LL693F,2020-01-09 20:00:00,NQJTCJU9,NK 212-63AA00014
7XFACEAZ,2020-01-09 20:00:00,NQ46QPMC,NK 212-63AA00015
Z7L97A36,2020-01-09 20:00:00,NQALTGE4,NK 212-63AA00016
7XFC63E9,2020-01-09 20:00:00,NQCC34L6,NK 212-63AA00017
7XC6G3CA,2020-01-09 20:00:00,NQEQT3G4,NK 212-63AA00018
7XM7966A,2020-01-09 20:00:00,NQ9AUUTF,NK 212-63AA00019
7X9NNAN4,2020-01-09 20:00:00,NQF9GC3X,NK 212-63AA00020
7XM4JTN7,2020-01-09 20:00:00,NQGPJ7GZ,NK 212-63AA00021
7X3AEG3F,2020-01-09 20:00:00,NQ46N7E4,NK 212-63AA00022
7XAUMLT4,2020-01-09 20:00:00,NQGQHN6X,NK 212-63AA00023
Z7QL99J3,2020-01-09 20:00:00,NQ7QMGFF,NK 212-63AA00024
Z7MGFFJ6,2020-01-09 20:00:00,NQF47CH3,NK 212-63AA00025
7XQMTQFA,2020-01-09 20:00:00,NQ9G7TNZ,NK 212-63AA00026
7XT3C7T4,2020-01-09 20:00:00,NQQFEPJ7,NK 212-63AA00027
7XJPUQ3X,2020-01-09 20:00:00,NQH6M3JZ,NK 212-63AA00028
7XGCGP93,2020-01-09 20:00:00,NQAMT4T6,NK 212-63AA00029
Z7FF93C7,2020-01-09 20:00:00,NQTE374F,NK 212-63AA00030
Z7T3UTPF,2020-01-09 20:00:00,NQJ7J6UA,NK 212-63AA00031
7X46J6H6,2020-01-09 20:00:00,NQP6Q9H7,NK 212-63AA00032
7XTJ6CGF,2020-01-09 20:00:00,NQLCNAQA,NK 212-63AA00033
Z79PG9UF,2020-01-09 20:00:00,NQ46UCQ9,NK 212-63AA00034
7X39ULC6,2020-01-09 20:00:00,NQUC6PHF,NK 212-63AA00035
7X3FU7MX,2020-01-09 20:00:00,NQNTJF39,NK 212-63AA00036
7XU93MTF,2020-01-09 20:00:00,NQM3TCGZ,NK 212-63AA00037
Z7LGFP3C,2020-01-09 20:00:00,NQM4QTTC,NK 212-63AA00038
Z7JUELUZ,2020-01-09 20:00:00,NQPNHLN4,NK 212-63AA00039
Z7FPP3EZ,2020-01-09 20:00:00,NQG946T4,NK 212-63AA00040
7X9CM9LC,2020-01-09 20:00:00,NQGPCTQZ,NK 212-63AA00041
Z7CN7P3X,2020-01-09 20:00:00,NQ7CFLJC,NK 212-63AA00042
Z74QAHCC,2020-01-09 20:00:00,NQPT9LLC,NK 212-63AA00043
7XMTE49C,2020-01-09 20:00:00,NQHUU7MZ,NK 212-63AA00044
7X6NMCG4,2020-01-09 20:00:00,NQJG9F6X,NK 212-63AA00045
Z73QE9U3,2020-01-09 20:00:00,NQMPNMN3,NK 212-63AA00046
7XUTQ36X,2020-01-09 20:00:00,NQ9L3AFA,NK 212-63AA00047
7XGJPEM3,2020-01-09 20:00:00,NQPQQ9FF,NK 212-63AA00048
Z7FJM3E9,2020-01-09 20:00:00,NQ7T9L39,NK 212-63AA00049
7XMEL76A,2020-01-09 20:00:00,NQHCFP94,NK 212-63AA00050
Z7MNHG36,2020-01-09 20:00:00,NQQULFFC,NK 212-63AA00051
Z7LANL44,2020-01-09 20:00:00,NQJLPN3F,NK 212-63AA00052
Z79ACA9X,2020-01-09 20:00:00,NQHE4HCC,NK 212-63AA00053
7XTA9677,2020-01-09 20:00:00,NQJ34CQX,NK 212-63AA00054
7X3JJAA7,2020-01-09 20:00:00,NQMAA9EA,NK 212-63AA00055
7XLCN94F,2020-01-09 20:00:00,NQ44G6QC,NK 212-63AA00056
7X3N9FU7,2020-01-09 20:00:00,NQ6LC3MX,NK 212-63AA00057
Z7FAFUHC,2020-01-09 20:00:00,NQ3GFJ79,NK 212-63AA00058
Z7FT6CP7,2020-01-09 20:00:00,NQ463QHZ,NK 212-63AA00059
7XJ79EGX,2020-01-09 20:00:00,NQ7AETU6,NK 212-63AA00060
7XE3PGCA,2020-01-09 20:00:00,NQGNLC3A,NK 212-63AA00061
Z7CQEEQX,2020-01-09 20:00:00,NQAAG36Z,NK 212-63AA00062
7X6HHTA6,2020-01-09 20:00:00,NQANNEEZ,NK 212-63AA00063
7XLFLUFX,2020-01-09 20:00:00,NQCMGFC3,NK 212-63AA00064
7XFC4CAF,2020-01-09 20:00:00,NQGCF9U9,NK 212-63AA00065
7XMP3M36,2020-01-09 20:00:00,NQEEGP3Z,NK 212-63AA00066
Z736GQ43,2020-01-09 20:00:00,NQLLAEJX,NK 212-63AA00067
Z7Q3J9UC,2020-01-09 20:00:00,NQ4QQTA6,NK 212-63AA00068
Z7969A64,2020-01-09 20:00:00,NQJQNPPZ,NK 212-63AA00069
Z74CHN6X,2020-01-09 20:00:00,NQM3M3Q7,NK 212-63AA00070
7X7MAQM4,2020-01-09 20:00:00,NQ94LJ33,NK 212-63AA00071
Z7UHTPU3,2020-01-09 20:00:00,NQPQANTC,NK 212-63AA00072
7XHAUPUF,2020-01-09 20:00:00,NQGALMAF,NK 212-63AA00073
7X3MNL49,2020-01-09 20:00:00,NQ3A6FT7,NK 212-63AA00074
Z7PU9AC3,2020-01-09 20:00:00,NQQ9NMNX,NK 212-63AA00075
7XNNT6A9,2020-01-09 20:00:00,NQJ6G9F3,NK 212-63AA00076
7XP9GUUZ,2020-01-09 20:00:00,NQFMMLU6,NK 212-63AA00077
Z7CCGJEX,2020-01-09 20:00:00,NQU3QCUX,NK 212-63AA00078
7XTMNNNA,2020-01-09 20:00:00,NQNALAMZ,NK 212-63AA00079
7X66TJG6,2020-01-09 20:00:00,NQ6H73CX,NK 212-63AA00080
Z773N4U3,2020-01-09 20:00:00,NQQTEQE4,NK 212-63AA00081
7XPHTAT3,2020-01-09 20:00:00,NQU6CUGA,NK 212-63AA00082
7XG7AUCF,2020-01-09 20:00:00,NQ7GAAP6,NK 212-63AA00083
7XUCJ7LX,2020-01-09 20:00:00,NQG34CG9,NK 212-63AA00084
Z7U7HGPC,2020-01-09 20:00:00,NQFF9T49,NK 212-63AA00085
Z7M9FNT4,2020-01-09 20:00:00,NQNFH7J7,NK 212-63AA00086
7XCU369X,2020-01-09 20:00:00,NQFMGL7C,NK 212-63AA00087
7X4TNLCF,2020-01-09 20:00:00,NQ3GLTF6,NK 212-63AA00088
7XJFPNF4,2020-01-09 20:00:00,NQF9M9H9,NK 212-63AA00089
Z7CTN3M4,2020-01-09 20:00:00,NQCFHG79,NK 212-63AA00090
7X9GU9HZ,2020-01-09 20:00:00,NQJP69HX,NK 212-63AA00091
7X49MH34,2020-01-09 20:00:00,NQE9FPHZ,NK 212-63AA00092
Z7JNUET6,2020-01-09 20:00:00,NQLHPNF7,NK 212-63AA00093
7X6QE7MX,2020-01-09 20:00:00,NQGTAFG9,NK 212-63AA00094
7X3L474F,2020-01-09 20:00:00,NQJ4HP4C,NK 212-63AA00095
7XL7LM66,2020-01-09 20:00:00,NQAEAHHC,NK 212-63AA00096
Z7TJCQG7,2020-01-09 20:00:00,NQEENCQ6,NK 212-63AA00097
Z7U6LGJ9,2020-01-09 20:00:00,NQH64M7F,NK 212-63AA00098
7XP6N9G7,2020-01-09 20:00:00,NQME9JL6,NK 212-63AA00099
7X44UACC,2020-01-09 20:00:00,NQUE7U66,NK 212-63AA00100
7XU9A3HF,2020-01-09 20:00:00,NQQMCJCF,NK 212-63AA00101
7XAHNLQ3,2020-01-09 20:00:00,NQ7THJGZ,NK 212-63AA00102
Z7AJ9AA4,2020-01-09 20:00:00,NQN4NCUZ,NK 212-63AA00103
Z7UGUMM7,2020-01-09 20:00:00,NQ3P63CA,NK 212-63AA00104
Z7QPEJ9A,2020-01-09 20:00:00,NQA4469X,NK 212-63AA00105
Z7AHP763,2020-01-09 20:00:00,NQJA6HP4,NK 212-63AA00106
7XLQ77P7,2020-01-09 20:00:00,NQEQ6PG6,NK 212-63AA00107
7X6F7A3A,2020-01-09 20:00:00,NQPAQQAA,NK 212-63AA00108
7X3N6QQF,2020-01-09 20:00:00,NQPLL4F3,NK 212-63AA00109
7XJP4L4F,2020-01-09 20:00:00,NQHJ9MNZ,NK 212-63AA00110
Z7GEFE4C,2020-01-09 20:00:00,NQEUGGG4,NK 212-63AA00111
Z73CA73F,2020-01-09 20:00:00,NQU34THX,NK 212-63AA00112
7XMUFG67,2020-01-09 20:00:00,NQGF4FNA,NK 212-63AA00113
Z7A46F6C,2020-01-09 20:00:00,NQUGQQC4,NK 212-63AA00114
7XEL9T79,2020-01-09 20:00:00,NQ7Q3UEZ,NK 212-63AA00115
7XE4TUE4,2020-01-09 20:00:00,NQ9TG4AX,NK 212-63AA00116
7XUFH49Z,2020-01-09 20:00:00,NQJMPUHX,NK 212-63AA00117
7X44JPU3,2020-01-09 20:00:00,NQQG4NTF,NK 212-63AA00118
7XGJETMX,2020-01-09 20:00:00,NQQEG3J6,NK 212-63AA00119
7XMLE4J7,2020-01-09 20:00:00,NQCT973F,NK 212-63AA00120
Z7T6LQPZ,2020-01-09 20:00:00,NQAFMHJF,NK 212-63AA00121
7XU69ATA,2020-01-09 20:00:00,NQJGU7MF,NK 212-63AA00122
7X4T7LEX,2020-01-09 20:00:00,NQQM9MTA,NK 212-63AA00123
Z7E33QQ6,2020-01-09 20:00:00,NQJ9N3L9,NK 212-63AA00124
Z7T4GUEC,2020-01-09 20:00:00,NQ7QAUEA,NK 212-63AA00125
7XEACEU3,2020-01-09 20:00:00,NQ64UEG7,NK 212-63AA00126
Z7FCHHAC,2020-01-09 20:00:00,NQ6TNJM9,NK 212-63AA00127
Z7G4LG6C,2020-01-09 20:00:00,NQAF3JHC,NK 212-63AA00128
Z733AHC6,2020-01-09 20:00:00,NQNMC6F9,NK 212-63AA00129
Z7AE6L4A,2020-01-09 20:00:00,NQQ93M9A,NK 212-63AA00130
Z7PJMTJ4,2020-01-09 20:00:00,NQQAL4CZ,NK 212-63AA00131
Z7349MQC,2020-01-09 20:00:00,NQLUCQJ4,NK 212-63AA00132
Z7LUGCQ3,2020-01-09 20:00:00,NQUUF3U7,NK 212-63AA00133
7XF6NHN7,2020-01-09 20:00:00,NQANEPAZ,NK 212-63AA00134
Z77GATU7,2020-01-09 20:00:00,NQPTGH6F,NK 212-63AA00135
Z7CQF4FX,2020-01-09 20:00:00,NQFMFJ3F,NK 212-63AA00136
Z773JJ76,2020-01-09 20:00:00,NQJU9TFX,NK 212-63AA00137
Z7A9MTQZ,2020-01-09 20:00:00,NQ9P9HN7,NK 212-63AA00138
7XHTMJ3Z,2020-01-09 20:00:00,NQUH93FC,NK 212-63AA00139
Z74UMPU9,2020-01-09 20:00:00,NQP39APX,NK 212-63AA00140
Z7QN9FPX,2020-01-09 20:00:00,NQ9PGGGF,NK 212-63AA00141
7XFC9AH7,2020-01-09 20:00:00,NQGTE6F6,NK 212-63AA00142
7XTFPHUC,2020-01-09 20:00:00,NQJCTQMC,NK 212-63AA00143
7X6UJ6MZ,2020-01-09 20:00:00,NQMLTQE4,NK 212-63AA00144
Z7GACGAZ,2020-01-09 20:00:00,NQHFAA3F,NK 212-63AA00145
Z7M9JCTX,2020-01-09 20:00:00,NQNN4P64,NK 212-63AA00146
Z7HU37JZ,2020-01-09 20:00:00,NQP4JHUC,NK 212-63AA00147
Z7T6PAM7,2020-01-09 20:00:00,NQTN4F97,NK 212-63AA00148
7XHJGLP9,2020-01-09 20:00:00,NQF63G9Z,NK 212-63AA00149
7X6EEFN4,2020-01-09 20:00:00,NQF6TEL4,NK 212-63AA00150
Z7GUNL6Z,2020-01-09 20:00:00,NQ67JJPC,NK 212-63AA00151
7XQMGTFA,2020-01-09 20:00:00,NQ4NEN79,NK 212-63AA00152
7XJ39FE3,2020-01-09 20:00:00,NQE3JLCX,NK 212-63AA00153
Z7GNNHL4,2020-01-09 20:00:00,NQLPJLC4,NK 212-63AA00154
7XM33TE4,2020-01-09 20:00:00,NQPECF6X,NK 212-63AA00155
Z7CL73UF,2020-01-09 20:00:00,NQ7FTGH7,NK 212-63AA00156
7XN746LZ,2020-01-09 20:00:00,NQEMEL9X,NK 212-63AA00157
Z7HGE7MC,2020-01-09 20:00:00,NQCTMGA6,NK 212-63AA00158
Z79LTGJ6,2020-01-09 20:00:00,NQ6ECPUC,NK 212-63AA00159
Z7LTFJC3,2020-01-09 20:00:00,NQC4P6N4,NK 212-63AA00160
Z7FPPUF6,2020-01-09 20:00:00,NQTNH7JA,NK 212-63AA00161
7XGEJ793,2020-01-09 20:00:00,NQNLG944,NK 212-63AA00162
Z76G9PE3,2020-01-09 20:00:00,NQCPUPM9,NK 212-63AA00163
Z7FNFGPZ,2020-01-09 20:00:00,NQ6FTET7,NK 212-63AA00164
Z7ETMFJ4,2020-01-09 20:00:00,NQ4MANJ6,NK 212-63AA00165
7XG7FAL4,2020-01-09 20:00:00,NQ4CTG9A,NK 212-63AA00166
Z7NUL9L9,2020-01-09 20:00:00,NQUHLQF9,NK 212-63AA00167
7XJFUGQ9,2020-01-09 20:00:00,NQEU633C,NK 212-63AA00168
Z73CMQ4A,2020-01-09 20:00:00,NQ6JU79Z,NK 212-63AA00169
Z73L6AF7,2020-01-09 20:00:00,NQQ6TJU7,NK 212-63AA00170
Z7PCPG9X,2020-01-09 20:00:00,NQTFENQ3,NK 212-63AA00171
Z7J79AUX,2020-01-09 20:00:00,NQPNG9TZ,NK 212-63AA00172
Z7L9GTNF,2020-01-09 20:00:00,NQQQJFU7,NK 212-63AA00173
7XPANGH7,2020-01-09 20:00:00,NQL4JPFF,NK 212-63AA00174
Z7J3P7HA,2020-01-09 20:00:00,NQMM473C,NK 212-63AA00175
Z7MLFG6A,2020-01-09 20:00:00,NQFFMUJ6,NK 212-63AA00176
7X4CHAN9,2020-01-09 20:00:00,NQNN6UAA,NK 212-63AA00177
7X7HUFGA,2020-01-09 20:00:00,NQ4HEAPX,NK 212-63AA00178
Z74TJ3JA,2020-01-09 20:00:00,NQGFE9UF,NK 212-63AA00179
7X66FEN7,2020-01-09 20:00:00,NQFH66P9,NK 212-63AA00180
7X33TCT6,2020-01-09 20:00:00,NQ3993G7,NK 212-63AA00181
7XULCJQ9,2020-01-09 20:00:00,NQHJAGPZ,NK 212-63AA00182
Z7J4NFEX,2020-01-09 20:00:00,NQG4GPL6,NK 212-63AA00183
Z7HH6A33,2020-01-09 20:00:00,NQNEHMMC,NK 212-63AA00184
Z7PF9TAX,2020-01-09 20:00:00,NQG4ELEX,NK 212-63AA00185
7XNANCQ4,2020-01-09 20:00:00,NQGLJU4F,NK 212-63AA00186
7XNFJUAA,2020-01-09 20:00:00,NQ9PUMM6,NK 212-63AA00187
Z7Q476J9,2020-01-09 20:00:00,NQ3U7MCZ,NK 212-63AA00188
7XNN3UUZ,2020-01-09 20:00:00,NQNCPC4C,NK 212-63AA00189
7XEQHQJZ,2020-01-09 20:00:00,NQ7ML7MA,NK 212-63AA00190
7X7QQQ4X,2020-01-09 20:00:00,NQ7TUTN3,NK 212-63AA00191
Z7NCLT79,2020-01-09 20:00:00,NQ4HN7G6,NK 212-63AA00192
Z7EGQ4U7,2020-01-09 20:00:00,NQU94L6Z,NK 212-63AA00193
Z74MJTHZ,2020-01-09 20:00:00,NQQGF4QA,NK 212-63AA00194
Z773CUAZ,2020-01-09 20:00:00,NQH46TAC,NK 212-63AA00195
7XTQ7GL6,2020-01-09 20:00:00,NQUQ7QLA,NK 212-63AA00196
7X7GCHC3,2020-01-09 20:00:00,NQ43JTG6,NK 212-63AA00197
Z7NPL9J4,2020-01-09 20:00:00,NQ49PH36,NK 212-63AA00198
Z7QNPCM9,2020-01-09 20:00:00,NQLHE3T4,NK 212-63AA00199
Z7MN9FC3,2020-01-09 20:00:00,NQPTJE7Z,NK 212-63AA00200
Z7AHNTE7,2020-01-09 20:00:00,NQL7F496,NK 212-63AA00201
Z763GCJ4,2020-01-09 20:00:00,NQCPT3H9,NK 212-63AA00202
7XJHJ6A9,2020-01-09 20:00:00,NQA4PFE9,NK 212-63AA00203
7XNFCFA3,2020-01-09 20:00:00,NQNACT44,NK 212-63AA00204
Z7NUAMF3,2020-01-09 20:00:00,NQFNTJF6,NK 212-63AA00205
7XQ44F3Z,2020-01-09 20:00:00,NQUQ6QP4,NK 212-63AA00206
Z7NQNAM6,2020-01-09 20:00:00,NQQL4GLA,NK 212-63AA00207
Z7PMT79C,2020-01-09 20:00:00,NQPNJE6C,NK 212-63AA00208
7XQLM7EF,2020-01-09 20:00:00,NQAQTQGA,NK 212-63AA00209
7XEPC9T9,2020-01-09 20:00:00,NQ9PAL76,NK 212-63AA00210
Z7A37CHC,2020-01-09 20:00:00,NQQH7UM7,NK 212-63AA00211
Z7NHCQHC,2020-01-09 20:00:00,NQ9GF4JC,NK 212-63AA00212
7X3463G7,2020-01-09 20:00:00,NQG6MGE3,NK 212-63AA00213
7XQJPJL7,2020-01-09 20:00:00,NQ4UAJHZ,NK 212-63AA00214
7X34LJ63,2020-01-09 20:00:00,NQTEALHF,NK 212-63AA00215
Z7U6CNF3,2020-01-09 20:00:00,NQCHNHN9,NK 212-63AA00216
7X6AJ46F,2020-01-09 20:00:00,NQC4TQ4X,NK 212-63AA00217
Z7MMCHAX,2020-01-09 20:00:00,NQPF6PJA,NK 212-63AA00218
Z7NU74F7,2020-01-09 20:00:00,NQL9P743,NK 212-63AA00219
7XML9EM9,2020-01-09 20:00:00,NQ377M4C,NK 212-63AA00220
7XET7CP6,2020-01-09 20:00:00,NQGPTTG9,NK 212-63AA00221
7XFQ394F,2020-01-09 20:00:00,NQAQQLCA,NK 212-63AA00222
7XG3TAUX,2020-01-09 20:00:00,NQEUL934,NK 212-63AA00223
Z7GGEP37,2020-01-09 20:00:00,NQJ7GAEA,NK 212-63AA00224
7XTT4JUX,2020-01-09 20:00:00,NQJ3U6CZ,NK 212-63AA00225
Z779ETE4,2020-01-09 20:00:00,NQ7Q9NLA,NK 212-63AA00226
7XQNE9QC,2020-01-09 20:00:00,NQNCLTPZ,NK 212-63AA00227
7XPG3P97,2020-01-09 20:00:00,NQT6HQA4,NK 212-63AA00228
Z7JECJT7,2020-01-09 20:00:00,NQT4UFA7,NK 212-63AA00229
7XGTHP94,2020-01-09 20:00:00,NQTAUQU3,NK 212-63AA00230
7X6EFLTC,2020-01-09 20:00:00,NQ67N943,NK 212-63AA00231
7X9ETJ43,2020-01-09 20:00:00,NQF9H476,NK 212-63AA00232
Z7JAAMQZ,2020-01-09 20:00:00,NQLJCN99,NK 212-63AA00233
7XGEACF3,2020-01-09 20:00:00,NQ7T3FU3,NK 212-63AA00234
Z7L4ACA6,2020-01-09 20:00:00,NQJ96JHF,NK 212-63AA00235
Z7MGQ7T7,2020-01-09 20:00:00,NQ9JMCGX,NK 212-63AA00236
Z7JC7N93,2020-01-09 20:00:00,NQLHJ6G4,NK 212-63AA00237
Z7FUE6JX,2020-01-09 20:00:00,NQCUAPQX,NK 212-63AA00238
Z7PGMT3F,2020-01-09 20:00:00,NQJTTGH7,NK 212-63AA00239
Z7M6J639,2020-01-09 20:00:00,NQHQEP7Z,NK 212-63AA00240
Z7NJ6JHA,2020-01-09 20:00:00,NQ7GL7M3,NK 212-63AA00241
7XUH7HFC,2020-01-09 20:00:00,NQ9GM4LA,NK 212-63AA00242
Z767GT6X,2020-01-09 20:00:00,NQFCQ963,NK 212-63AA00243
Z793GCQF,2020-01-09 20:00:00,NQ9AP343,NK 212-63AA00244
7XPP66T4,2020-01-09 20:00:00,NQNMF3TA,NK 212-63AA00245
Z7ECH94X,2020-01-09 20:00:00,NQL7PLEX,NK 212-63AA00246
7XPAHPM7,2020-01-09 20:00:00,NQN3Q47C,NK 212-63AA00247
7XMANG44,2020-01-09 20:00:00,NQLJ7MG6,NK 212-63AA00248
7X4PC4F6,2020-01-09 20:00:00,NQ46CPG4,NK 212-63AA00249
Z73G9A94,2020-01-09 20:00:00,NQ437QAF,NK 212-63AA00250
7XMC96CX,2020-01-09 20:00:00,NQ7A3Q6F,NK 212-63AA00251
Z74CEGE6,2020-01-09 20:00:00,NQFC73Q7,NK 212-63AA00252
Z79EJLM6,2020-01-09 20:00:00,NQA3NTEZ,NK 212-63AA00253
7X7HLUE3,2020-01-09 20:00:00,NQEQJTGZ,NK 212-63AA00254
7XFUL743,2020-01-09 20:00:00,NQ9LLLFZ,NK 212-63AA00255
Z76QMMJC,2020-01-09 20:00:00,NQM4THN7,NK 212-63AA00256
7XEN3FU7,2020-01-09 20:00:00,NQGQ367C,NK 212-63AA00257
Z76QM3A3,2020-01-09 20:00:00,NQ3UUCE4,NK 212-63AA00258
Z7NUJJE6,2020-01-09 20:00:00,NQ7FAETC,NK 212-63AA00259
Z7GJ69UX,2020-01-09 20:00:00,NQEN3376,NK 212-63AA00260
Z7MG6HT7,2020-01-09 20:00:00,NQEU4CQ9,NK 212-63AA00261
7XQQTPAA,2020-01-09 20:00:00,NQM4Q947,NK 212-63AA00262
7XNN637X,2020-01-09 20:00:00,NQA4H49A,NK 212-63AA00263
Z7UMP696,2020-01-09 20:00:00,NQQH6ENC,NK 212-63AA00264
Z7NT4E4A,2020-01-09 20:00:00,NQQAFLAA,NK 212-63AA00265
7XJTLPMF,2020-01-09 20:00:00,NQJUCP44,NK 212-63AA00266
7X7QJPNA,2020-01-09 20:00:00,NQM69GUF,NK 212-63AA00267
7X49TFU4,2020-01-09 20:00:00,NQ6CAJH6,NK 212-63AA00268
Z74AFQNZ,2020-01-09 20:00:00,NQMFF7M6,NK 212-63AA00269
Z7G6CQNX,2020-01-09 20:00:00,NQNQHFU7,NK 212-63AA00270
7XTJUNJ6,2020-01-09 20:00:00,NQFAQ363,NK 212-63AA00271
7XEJLEFX,2020-01-09 20:00:00,NQLGEFM7,NK 212-63AA00272
7XPPQ6UA,2020-01-09 20:00:00,NQGUQ6HX,NK 212-63AA00273
7X9NA4E7,2020-01-09 20:00:00,NQF6UP67,NK 212-63AA00274
Z7E933L6,2020-01-09 20:00:00,NQNTNHJF,NK 212-63AA00275
7X4UUCQX,2020-01-09 20:00:00,NQHUEPUF,NK 212-63AA00276
7XM4FHGZ,2020-01-09 20:00:00,NQCEANP6,NK 212-63AA00277
7X3UQLHZ,2020-01-09 20:00:00,NQPP7TJC,NK 212-63AA00278
7X4N74C9,2020-01-09 20:00:00,NQT7LGFZ,NK 212-63AA00279
Z7A9FC94,2020-01-09 20:00:00,NQTPUTF9,NK 212-63AA00280
7XFFPL3A,2020-01-09 20:00:00,NQ9E49A4,NK 212-63AA00281
Z7ANLQH6,2020-01-09 20:00:00,NQJQFEE6,NK 212-63AA00282
7XQMCEF7,2020-01-09 20:00:00,NQ4T4CL3,NK 212-63AA00283
Z7CNM6CC,2020-01-09 20:00:00,NQE99GC9,NK 212-63AA00284
7XHLFAM4,2020-01-09 20:00:00,NQJ69FGC,NK 212-63AA00285
Z7TTAHHX,2020-01-09 20:00:00,NQJNUJP9,NK 212-63AA00286
Z7C647MX,2020-01-09 20:00:00,NQAT9C3X,NK 212-63AA00287
Z7AMMU39,2020-01-09 20:00:00,NQMUN769,NK 212-63AA00288
Z76L4HU9,2020-01-09 20:00:00,NQ74ET66,NK 212-63AA00289
7X7E6TNA,2020-01-09 20:00:00,NQGF9UJA,NK 212-63AA00290
7X36JHA6,2020-01-09 20:00:00,NQLJLAGC,NK 212-63AA00291
7XTNNQQZ,2020-01-09 20:00:00,NQCUTGAA,NK 212-63AA00292
7XCP3L49,2020-01-09 20:00:00,NQLULPG6,NK 212-63AA00293
7XQJNJQA,2020-01-09 20:00:00,NQFC7QC4,NK 212-63AA00294
Z76MC3EZ,2020-01-09 20:00:00,NQ76AHN9,NK 212-63AA00295
7XM3PNM9,2020-01-09 20:00:00,NQN7LH43,NK 212-63AA00296
Z7U6MGHC,2020-01-09 20:00:00,NQG4EJCZ,NK 212-63AA00297
7XTU7QNX,2020-01-09 20:00:00,NQFJAP3C,NK 212-63AA00298
Z7HL37TA,2020-01-09 20:00:00,NQPHA9P6,NK 212-63AA00299
7X6474M3,2020-01-09 20:00:00,NQ36MAN4,NK 212-63AA00300
Z7MCP4JC,2020-01-09 20:00:00,NQQMMGN7,NK 212-63AA00301
7X4LAMAX,2020-01-09 20:00:00,NQCQCFHX,NK 212-63AA00302
Z7EQQUJC,2020-01-09 20:00:00,NQTT6743,NK 212-63AA00303
7X3FPMM7,2020-01-09 20:00:00,NQU7Q4MF,NK 212-63AA00304
Z7HE77LZ,2020-01-09 20:00:00,NQTFAQH3,NK 212-63AA00305
Z7L3HGGF,2020-01-09 20:00:00,NQ7JMCG6,NK 212-63AA00306
Z7JHCLQ7,2020-01-09 20:00:00,NQCA49QZ,NK 212-63AA00307
7XNT3HT7,2020-01-09 20:00:00,NQ7H36LZ,NK 212-63AA00308
7XQMLAJ3,2020-01-09 20:00:00,NQ6JALT9,NK 212-63AA00309
7XF6QAQ6,2020-01-09 20:00:00,NQCJFH3F,NK 212-63AA00310
7XUL7634,2020-01-09 20:00:00,NQ6M9AGZ,NK 212-63AA00311
Z7C737HC,2020-01-09 20:00:00,NQ47U7JC,NK 212-63AA00312
7X7CLAP7,2020-01-09 20:00:00,NQHLHU94,NK 212-63AA00313
Z733JPPA,2020-01-09 20:00:00,NQ3N4PLA,NK 212-63AA00314
7XUTH6E4,2020-01-09 20:00:00,NQ34PJ9A,NK 212-63AA00315
7XJMAUHX,2020-01-09 20:00:00,NQ39LJT6,NK 212-63AA00316
7XPCT3A3,2020-01-09 20:00:00,NQ99JPHC,NK 212-63AA00317
Z7TTU99F,2020-01-09 20:00:00,NQ4F9J6A,NK 212-63AA00318
7XCTQFQC,2020-01-09 20:00:00,NQ9LT9GA,NK 212-63AA00319
7XCF9TTA,2020-01-09 20:00:00,NQFJLHFZ,NK 212-63AA00320
7X7T3LU6,2020-01-09 20:00:00,NQ3H4944,NK 212-63AA00321
Z7GUFGE7,2020-01-09 20:00:00,NQG74EUC,NK 212-63AA00322
7XAC3T9A,2020-01-09 20:00:00,NQF6JGC7,NK 212-63AA00323
7XNU79F7,2020-01-09 20:00:00,NQ3QA3F6,NK 212-63AA00324
Z7UTFCG4,2020-01-09 20:00:00,NQ9MU4G7,NK 212-63AA00325
Z79U9UN7,2020-01-09 20:00:00,NQ6LU4H6,NK 212-63AA00326
7X9ANQCX,2020-01-09 20:00:00,NQQN6UN9,NK 212-63AA00327
7XC9GF46,2020-01-09 20:00:00,NQFHA393,NK 212-63AA00328
Z7NUAUMF,2020-01-09 20:00:00,NQNNGCA4,NK 212-63AA00329
Z7QMPUHA,2020-01-09 20:00:00,NQMAMP6X,NK 212-63AA00330
7XPGAPTA,2020-01-09 20:00:00,NQUET6AC,NK 212-63AA00331
7XJPGG49,2020-01-09 20:00:00,NQN7NCL7,NK 212-63AA00332
Z7UA3P9C,2020-01-09 20:00:00,NQHL7JHX,NK 212-63AA00333
7XQLNMHZ,2020-01-09 20:00:00,NQG6JNGC,NK 212-63AA00334
7XF3C4TA,2020-01-09 20:00:00,NQCLGCJC,NK 212-63AA00335
7XN3MEC9,2020-01-09 20:00:00,NQ6AC46A,NK 212-63AA00336
Z7LALEGA,2020-01-09 20:00:00,NQ6N697X,NK 212-63AA00337
Z7EQT7G4,2020-01-09 20:00:00,NQTLH4Q4,NK 212-63AA00338
Z79ELQ9Z,2020-01-09 20:00:00,NQL7C64Z,NK 212-63AA00339
Z7NTJGHC,2020-01-09 20:00:00,NQ647GF3,NK 212-63AA00340
7XG6H3TX,2020-01-09 20:00:00,NQA33GJA,NK 212-63AA00341
Z7H4FC7Z,2020-01-09 20:00:00,NQJ473M3,NK 212-63AA00342
7XN79QHF,2020-01-09 20:00:00,NQ77FN36,NK 212-63AA00343
7XH7EMP4,2020-01-09 20:00:00,NQLNQHTZ,NK 212-63AA00344
7XL9GNPC,2020-01-09 20:00:00,NQUHP3GF,NK 212-63AA00345
7XAC9CQ4,2020-01-09 20:00:00,NQNU9EG7,NK 212-63AA00346
7X6QM7TA,2020-01-09 20:00:00,NQHFTEA6,NK 212-63AA00347
Z76AAA93,2020-01-09 20:00:00,NQH934QZ,NK 212-63AA00348
Z7M99MG9,2020-01-09 20:00:00,NQLEU4G6,NK 212-63AA00349
7XC9C9TA,2020-01-09 20:00:00,NQEPUQC3,NK 212-63AA00350
7X9TQ3EZ,2020-01-09 20:00:00,NQ4QFQPZ,NK 212-63AA00351
7XFGAQ7X,2020-01-09 20:00:00,NQJ7U4U4,NK 212-63AA00352
Z77G4UP7,2020-01-09 20:00:00,NQ6GJNCX,NK 212-63AA00353
Z7TH7379,2020-01-09 20:00:00,NQ6HJG34,NK 212-63AA00354
Z794M9G7,2020-01-09 20:00:00,NQULUQJZ,NK 212-63AA00355
7X67JPG9,2020-01-09 20:00:00,NQM4NEMA,NK 212-63AA00356
7XMJLL44,2020-01-09 20:00:00,NQ9AJ9GA,NK 212-63AA00357
Z74U69E3,2020-01-09 20:00:00,NQ7FA4C4,NK 212-63AA00358
Z7LN64N4,2020-01-09 20:00:00,NQLHF66F,NK 212-63AA00359
7X4C9GQZ,2020-01-09 20:00:00,NQ7NQT4Z,NK 212-63AA00360
Z79MNH37,2020-01-09 20:00:00,NQG63Q4Z,NK 212-63AA00361
Z7EUE933,2020-01-09 20:00:00,NQPHHFMF,NK 212-63AA00362
7XPLJT7A,2020-01-09 20:00:00,NQ44Q4QF,NK 212-63AA00363
Z76NQCM6,2020-01-09 20:00:00,NQHLHCNF,NK 212-63AA00364
7XPL6P47,2020-01-09 20:00:00,NQHHJHA7,NK 212-63AA00365
7XQQP6FC,2020-01-09 20:00:00,NQGJLTGZ,NK 212-63AA00366
7XPLGFH6,2020-01-09 20:00:00,NQG7MTGZ,NK 212-63AA00367
7XGTMEM9,2020-01-09 20:00:00,NQQ7CLFZ,NK 212-63AA00368
Z79LJQQZ,2020-01-09 20:00:00,NQ6AF9NF,NK 212-63AA00369
7XECF366,2020-01-09 20:00:00,NQFUTGLC,NK 212-63AA00370
7XQEA3M7,2020-01-09 20:00:00,NQHT47U3,NK 212-63AA00371
7XNQMLAF,2020-01-09 20:00:00,NQNE7LG7,NK 212-63AA00372
Z7GM9MP7,2020-01-09 20:00:00,NQ96P4G9,NK 212-63AA00373
Z7AHHGT4,2020-01-09 20:00:00,NQFUQMFA,NK 212-63AA00374
Z7FUC7CX,2020-01-09 20:00:00,NQ4P33EC,NK 212-63AA00375
Z7NTQFL7,2020-01-09 20:00:00,NQ9A3464,NK 212-63AA00376
7XQ9PGJ6,2020-01-09 20:00:00,NQ9LTJN4,NK 212-63AA00377
Z7H6U4UF,2020-01-09 20:00:00,NQAE9PEF,NK 212-63AA00378
7X7AGUMF,2020-01-09 20:00:00,NQL4G9G3,NK 212-63AA00379
7XEMM6E9,2020-01-09 20:00:00,NQC4MU63,NK 212-63AA00380
Z7J6PT63,2020-01-09 20:00:00,NQ736AC7,NK 212-63AA00381
7XPQCJ7C,2020-01-09 20:00:00,NQQH7AP9,NK 212-63AA00382
7X6GFEF9,2020-01-09 20:00:00,NQ4GPPLA,NK 212-63AA00383
7XMHCJ4F,2020-01-09 20:00:00,NQJPU3LC,NK 212-63AA00384
7XFQ3ANZ,2020-01-09 20:00:00,NQJC6AH6,NK 212-63AA00385
7XAJQG37,2020-01-09 20:00:00,NQJM7934,NK 212-63AA00386
7XUECJUA,2020-01-09 20:00:00,NQC3TTL6,NK 212-63AA00387
Z744QJ3X,2020-01-09 20:00:00,NQT493M3,NK 212-63AA00388
7XG6A6TX,2020-01-09 20:00:00,NQUUTHUA,NK 212-63AA00389
7XUJNLM9,2020-01-09 20:00:00,NQCPAELX,NK 212-63AA00390
Z7LHP7J7,2020-01-09 20:00:00,NQ9GL7TC,NK 212-63AA00391
7XNGQLFZ,2020-01-09 20:00:00,NQ4977GZ,NK 212-63AA00392
7XA39U6C,2020-01-09 20:00:00,NQPJPJU9,NK 212-63AA00393
Z7UPATQC,2020-01-09 20:00:00,NQCP69H9,NK 212-63AA00394
Z7CNGA7Z,2020-01-09 20:00:00,NQJMALGZ,NK 212-63AA00395
Z76HQ3MF,2020-01-09 20:00:00,NQECGPM6,NK 212-63AA00396
7XM9NTMF,2020-01-09 20:00:00,NQAPHAHA,NK 212-63AA00397
7X7A67EX,2020-01-09 20:00:00,NQ7MPGPX,NK 212-63AA00398
7XGNGQHC,2020-01-09 20:00:00,NQQAG3MX,NK 212-63AA00399
7XQG7QLX,2020-01-09 20:00:00,NQM9MJTZ,NK 212-63AA00400
7XFGMGM9,2020-01-09 20:00:00,NQTHEE3F,NK 212-63AA00401
Z77G333A,2020-01-09 20:00:00,NQTN94EC,NK 212-63AA00402
Z74LLCL6,2020-01-09 20:00:00,NQ3MP9UA,NK 212-63AA00403
7XGQGUN9,2020-01-09 20:00:00,NQPHQ667,NK 212-63AA00404
7XPATL96,2020-01-09 20:00:00,NQFNM6CF,NK 212-63AA00405
7XL6C3F3,2020-01-09 20:00:00,NQ4TMLGA,NK 212-63AA00406
7XFQL4MX,2020-01-09 20:00:00,NQ69TTM7,NK 212-63AA00407
Z7NU6E9Z,2020-01-09 20:00:00,NQ673Q9Z,NK 212-63AA00408
Z7TEC977,2020-01-09 20:00:00,NQ437JL3,NK 212-63AA00409
Z73HF7F7,2020-01-09 20:00:00,NQMJUG97,NK 212-63AA00410
Z7EMUHH9,2020-01-09 20:00:00,NQGG6PU6,NK 212-63AA00411
7X46G6G4,2020-01-09 20:00:00,NQ66LCT3,NK 212-63AA00412
7XAAAENC,2020-01-09 20:00:00,NQENMHT4,NK 212-63AA00413
Z7PH6E99,2020-01-09 20:00:00,NQUPUTCC,NK 212-63AA00414
7XUNU9FZ,2020-01-09 20:00:00,NQ4UPAPF,NK 212-63AA00415
7X7EGE37,2020-01-09 20:00:00,NQT9N9H4,NK 212-63AA00416
7X6CNN3A,2020-01-09 20:00:00,NQLHGG97,NK 212-63AA00417
Z7N4EJG6,2020-01-09 20:00:00,NQN7UJEZ,NK 212-63AA00418
7XFU96AC,2020-01-09 20:00:00,NQJ9FJHZ,NK 212-63AA00419
Z77GLAC7,2020-01-09 20:00:00,NQAGFJEZ,NK 212-63AA00420
Z77HT99A,2020-01-09 20:00:00,NQ779LCC,NK 212-63AA00421
7X4JGT66,2020-01-09 20:00:00,NQTLUCF9,NK 212-63AA00422
Z79HJNFA,2020-01-09 20:00:00,NQ9HT7MA,NK 212-63AA00423
Z7TGFF9X,2020-01-09 20:00:00,NQPELLM4,NK 212-63AA00424
7X9344MZ,2020-01-09 20:00:00,NQ3LPCMA,NK 212-63AA00425
Z7J9FL66,2020-01-09 20:00:00,NQN6M7EX,NK 212-63AA00426
Z779G3AX,2020-01-09 20:00:00,NQTLPNG4,NK 212-63AA00427
Z79CQU64,2020-01-09 20:00:00,NQLPA76X,NK 212-63AA00428
Z7J9TC44,2020-01-09 20:00:00,NQUJJLG9,NK 212-63AA00429
7X3GQ4C7,2020-01-09 20:00:00,NQ9J9H33,NK 212-63AA00430
Z7343TFZ,2020-01-09 20:00:00,NQQG3G37,NK 212-63AA00431
Z7F4G7UX,2020-01-09 20:00:00,NQT33JE4,NK 212-63AA00432
7XGU3AJZ,2020-01-09 20:00:00,NQ9N6NM4,NK 212-63AA00433
7X6TA3AC,2020-01-09 20:00:00,NQ4UE6H4,NK 212-63AA00434
7X6EUC64,2020-01-09 20:00:00,NQHTNP6F,NK 212-63AA00435
Z7P4U6TX,2020-01-09 20:00:00,NQ943EMF,NK 212-63AA00436
Z7UTP3FZ,2020-01-09 20:00:00,NQ4E439Z,NK 212-63AA00437
7XUNFGJ4,2020-01-09 20:00:00,NQA73QH9,NK 212-63AA00438
7XL9MF7C,2020-01-09 20:00:00,NQH9JQN6,NK 212-63AA00439
7XAQGHA7,2020-01-09 20:00:00,NQFG7EH4,NK 212-63AA00440
Z7NNPH74,2020-01-09 20:00:00,NQQFT66X,NK 212-63AA00441
Z7FAH9GX,2020-01-09 20:00:00,NQ94FHPX,NK 212-63AA00442
7X79NQ73,2020-01-09 20:00:00,NQET4MQ3,NK 212-63AA00443
Z7AH9M69,2020-01-09 20:00:00,NQAGUQGX,NK 212-63AA00444
7XQP9G4F,2020-01-09 20:00:00,NQTL793X,NK 212-63AA00445
Z7JF7EEX,2020-01-09 20:00:00,NQHF9T97,NK 212-63AA00446
7XG9M3TC,2020-01-09 20:00:00,NQFHMLH6,NK 212-63AA00447
Z7C4NJJ9,2020-01-09 20:00:00,NQTTMFFZ,NK 212-63AA00448
Z7LEJUUC,2020-01-09 20:00:00,NQEUTMGC,NK 212-63AA00449
Z7HPGHCC,2020-01-09 20:00:00,NQEFMMT9,NK 212-63AA00450
Z7F67ULZ,2020-01-09 20:00:00,NQE7U9P9,NK 212-63AA00451
7XG367MZ,2020-01-09 20:00:00,NQ3JFLTX,NK 212-63AA00452
7X9CE7L3,2020-01-09 20:00:00,NQ439HQF,NK 212-63AA00453
Z7FAHGU9,2020-01-09 20:00:00,NQ33QTN4,NK 212-63AA00454
Z73JQMMZ,2020-01-09 20:00:00,NQP4N4JA,NK 212-63AA00455
Z7A93LPZ,2020-01-09 20:00:00,NQPGFGLZ,NK 212-63AA00456
7X3CFQLZ,2020-01-09 20:00:00,NQH9AMM7,NK 212-63AA00457
7X3CHNFA,2020-01-09 20:00:00,NQHHCPH3,NK 212-63AA00458
Z7G9GNAC,2020-01-09 20:00:00,NQ374FP9,NK 212-63AA00459
7X3CF6G9,2020-01-09 20:00:00,NQGPGP3X,NK 212-63AA00460
7XEELTQ3,2020-01-09 20:00:00,NQ4EMFQ6,NK 212-63AA00461
7XT47GQZ,2020-01-09 20:00:00,NQ394P7C,NK 212-63AA00462
Z7CCN3J9,2020-01-09 20:00:00,NQG4GNNF,NK 212-63AA00463
Z7NEAPA9,2020-01-09 20:00:00,NQUTT6P6,NK 212-63AA00464
Z74U4UE3,2020-01-09 20:00:00,NQMNGNJ4,NK 212-63AA00465
Z79EP4Q4,2020-01-09 20:00:00,NQHEAEUF,NK 212-63AA00466
Z793L7N9,2020-01-09 20:00:00,NQNJ3GP4,NK 212-63AA00467
7XTT9EN6,2020-01-09 20:00:00,NQ63GGEA,NK 212-63AA00468
7XMA6L33,2020-01-09 20:00:00,NQNLH66C,NK 212-63AA00469
Z7N9LT6X,2020-01-09 20:00:00,NQGJCF43,NK 212-63AA00470
Z7JLN647,2020-01-09 20:00:00,NQJ7FUHX,NK 212-63AA00471
7XF6CUEF,2020-01-09 20:00:00,NQUU63J7,NK 212-63AA00472
Z7MLQNAX,2020-01-09 20:00:00,NQG9T6JX,NK 212-63AA00473
7XPGULF4,2020-01-09 20:00:00,NQPUPTE3,NK 212-63AA00474
Z79GGEU9,2020-01-09 20:00:00,NQPUQ4MX,NK 212-63AA00475
7XP9E4F6,2020-01-09 20:00:00,NQQHQUJX,NK 212-63AA00476
7XLPJHG3,2020-01-09 20:00:00,NQG3PLQ6,NK 212-63AA00477
Z76339MC,2020-01-09 20:00:00,NQFM3QT3,NK 212-63AA00478
7XLPQJM3,2020-01-09 20:00:00,NQLGLPLZ,NK 212-63AA00479
Z7EACPM4,2020-01-09 20:00:00,NQF7ENGC,NK 212-63AA00480
Z74MCE4C,2020-01-09 20:00:00,NQ3JLA44,NK 212-63AA00481
7X6PF3UA,2020-01-09 20:00:00,NQH9PHG6,NK 212-63AA00482
7X7TTHMC,2020-01-09 20:00:00,NQFGEUNF,NK 212-63AA00483
7XCHFGP7,2020-01-09 20:00:00,NQM4TQA7,NK 212-63AA00484
Z79NT666,2020-01-09 20:00:00,NQTT3FQ3,NK 212-63AA00485
Z7FMH6Q6,2020-01-09 20:00:00,NQ7U6PN3,NK 212-63AA00486
Z79NJ3T9,2020-01-09 20:00:00,NQN9HALF,NK 212-63AA00487
Z7HEA4A9,2020-01-09 20:00:00,NQ4F6H93,NK 212-63AA00488
Z7GJGEQA,2020-01-09 20:00:00,NQPE49U3,NK 212-63AA00489
7X4JE96A,2020-01-09 20:00:00,NQ37LALC,NK 212-63AA00490
7XUGUCQ7,2020-01-09 20:00:00,NQJUPP4Z,NK 212-63AA00491
7XPLNFC9,2020-01-09 20:00:00,NQHUQ4L9,NK 212-63AA00492
7X6UN3G7,2020-01-09 20:00:00,NQNCC66X,NK 212-63AA00493
7XM94T74,2020-01-09 20:00:00,NQJH3GM3,NK 212-63AA00494
Z7334NGA,2020-01-09 20:00:00,NQ4HTFA9,NK 212-63AA00495
Z79UNGH7,2020-01-09 20:00:00,NQPUQGP4,NK 212-63AA00496
Z7UG9973,2020-01-09 20:00:00,NQHFUQHA,NK 212-63AA00497
7XJAHCEZ,2020-01-09 20:00:00,NQHL9J46,NK 212-63AA00498
Z74H73FF,2020-01-09 20:00:00,NQ9H9EG6,NK 212-63AA00499
7X74QA46,2020-01-09 20:00:00,NQG6NUT7,NK 212-63AA00500
Z7UUT6N4,2020-01-09 20:00:00,NQCFCCTA,NK 212-63AA00501
Z7UF94CC,2020-01-09 20:00:00,NQLEL9E7,NK 212-63AA00502
7XQE3P9F,2020-01-09 20:00:00,NQAFGH99,NK 212-63AA00503
Z7FEJ44C,2020-01-09 20:00:00,NQM4L7C7,NK 212-63AA00504
7X4CA4MA,2020-01-09 20:00:00,NQP3U463,NK 212-63AA00505
7XECGGQZ,2020-01-09 20:00:00,NQ4M4EGX,NK 212-63AA00506
Z7Q6UJU4,2020-01-09 20:00:00,NQFCN4FZ,NK 212-63AA00507
Z7CEGHH7,2020-01-09 20:00:00,NQFC9TAX,NK 212-63AA00508
Z7PNNUF7,2020-01-09 20:00:00,NQCEQ77X,NK 212-63AA00509
7XQCTAH3,2020-01-09 20:00:00,NQC4U6PZ,NK 212-63AA00510
7XAJPPF9,2020-01-09 20:00:00,NQEU4CMA,NK 212-63AA00511
7XGCGFMC,2020-01-09 20:00:00,NQQC46U6,NK 212-63AA00512
Z7P66N3X,2020-01-09 20:00:00,NQGMETLF,NK 212-63AA00513
Z74Q4QC7,2020-01-09 20:00:00,NQNQ3QQ3,NK 212-63AA00514
7XH4G9C9,2020-01-09 20:00:00,NQFP3EJC,NK 212-63AA00515
7XJF7EHC,2020-01-09 20:00:00,NQTAMA7Z,NK 212-63AA00516
Z74U7Q3Z,2020-01-09 20:00:00,NQNCQ36C,NK 212-63AA00517
Z7UE3AJX,2020-01-09 20:00:00,NQCGCLAA,NK 212-63AA00518
7XCUCQH3,2020-01-09 20:00:00,NQN774LX,NK 212-63AA00519
7X4TUGM4,2020-01-09 20:00:00,NQC6NUE4,NK 212-63AA00520
7X9GUN64,2020-01-09 20:00:00,NQ6G7TG4,NK 212-63AA00521
7XMFT994,2020-01-09 20:00:00,NQT6EUJC,NK 212-63AA00522
Z7F7CJT4,2020-01-09 20:00:00,NQFJTF66,NK 212-63AA00523
Z7T3TG9C,2020-01-09 20:00:00,NQQ97NGZ,NK 212-63AA00524
7XM7AGM3,2020-01-09 20:00:00,NQNLLAC7,NK 212-63AA00525
7X7GPA46,2020-01-09 20:00:00,NQEF3MNF,NK 212-63AA00526
7XLLPFE7,2020-01-09 20:00:00,NQ6UU7AX,NK 212-63AA00527
7XUFJJQ6,2020-01-09 20:00:00,NQT969J3,NK 212-63AA00528
Z7MJFCA4,2020-01-09 20:00:00,NQ37UUC6,NK 212-63AA00529
7XU6P4LA,2020-01-09 20:00:00,NQM3U7MF,NK 212-63AA00530
7XCTEU3X,2020-01-09 20:00:00,NQLC3734,NK 212-63AA00531
Z7LENJU3,2020-01-09 20:00:00,NQF6HGU7,NK 212-63AA00532
Z7CMJUMZ,2020-01-09 20:00:00,NQM67A3F,NK 212-63AA00533
Z7JEFT9X,2020-01-09 20:00:00,NQ7QJ3MX,NK 212-63AA00534
7XFQPEJA,2020-01-09 20:00:00,NQU3P6P9,NK 212-63AA00535
7XUT7UG6,2020-01-09 20:00:00,NQHAGQC3,NK 212-63AA00536
7X3CEJQF,2020-01-09 20:00:00,NQ6JHQH4,NK 212-63AA00537
Z7G4N4U6,2020-01-09 20:00:00,NQPJMQA3,NK 212-63AA00538
7X34EJC9,2020-01-09 20:00:00,NQ3LNQJ4,NK 212-63AA00539
7XLTU9P9,2020-01-09 20:00:00,NQUHPAU6,NK 212-63AA00540
7XQL6H9Z,2020-01-09 20:00:00,NQJG39T9,NK 212-63AA00541
7XP33UAC,2020-01-09 20:00:00,NQM9NQJZ,NK 212-63AA00542
Z7GFAET6,2020-01-09 20:00:00,NQLNGP9Z,NK 212-63AA00543
7XJQPQEF,2020-01-09 20:00:00,NQUJ77U3,NK 212-63AA00544
Z7L9M6F3,2020-01-09 20:00:00,NQ7GUAP3,NK 212-63AA00545
7XLF499A,2020-01-09 20:00:00,NQLCLN9Z,NK 212-63AA00546
Z74A4N49,2020-01-09 20:00:00,NQEJP9A9,NK 212-63AA00547
7XMNTP44,2020-01-09 20:00:00,NQ347NA4,NK 212-63AA00548
7XFUJ4H4,2020-01-09 20:00:00,NQCMCJCF,NK 212-63AA00549
Z7JHA4A9,2020-01-09 20:00:00,NQQM7PTX,NK 212-63AA00550
Z74L6AHZ,2020-01-09 20:00:00,NQ9NMP9Z,NK 212-63AA00551
7XHHH3UZ,2020-01-09 20:00:00,NQL94TP3,NK 212-63AA00552
7XUACEA7,2020-01-09 20:00:00,NQ4MNLA9,NK 212-63AA00553
Z79GJPF7,2020-01-09 20:00:00,NQ7MLFQF,NK 212-63AA00554
7XMPAPUX,2020-01-09 20:00:00,NQ3NMLHX,NK 212-63AA00555
7XPMULJX,2020-01-09 20:00:00,NQPNCGCA,NK 212-63AA00556
7XT9AQH9,2020-01-09 20:00:00,NQHLTAM6,NK 212-63AA00557
7XN4HU63,2020-01-09 20:00:00,NQ7P3MPC,NK 212-63AA00558
Z76N7HT6,2020-01-09 20:00:00,NQA6LEF6,NK 212-63AA00559
Z7P94A9X,2020-01-09 20:00:00,NQPLPHQ3,NK 212-63AA00560
7XGPFM4Z,2020-01-09 20:00:00,NQPGUFEX,NK 212-63AA00561
7XQ9NTF4,2020-01-09 20:00:00,NQN4C7AC,NK 212-63AA00562
7XAHQ993,2020-01-09 20:00:00,NQLPMML4,NK 212-63AA00563
Z7PPHJHC,2020-01-09 20:00:00,NQAT6FP3,NK 212-63AA00564
7XNMPF39,2020-01-09 20:00:00,NQEQ47U9,NK 212-63AA00565
Z7F9TQJZ,2020-01-09 20:00:00,NQ3PLTH6,NK 212-63AA00566
Z7FG36F7,2020-01-09 20:00:00,NQ4FTA9Z,NK 212-63AA00567
Z7ENQQ47,2020-01-09 20:00:00,NQ64M7L3,NK 212-63AA00568
Z7LQJAJ7,2020-01-09 20:00:00,NQ4C9369,NK 212-63AA00569
7XJCEU96,2020-01-09 20:00:00,NQ9UGFF9,NK 212-63AA00570
Z7ULQU4F,2020-01-09 20:00:00,NQ9MHN4F,NK 212-63AA00571
7XPQNMN7,2020-01-09 20:00:00,NQ69JHA6,NK 212-63AA00572
7XJLMGGA,2020-01-09 20:00:00,NQMLNNPC,NK 212-63AA00573
7XG9G9P4,2020-01-09 20:00:00,NQHC3JE6,NK 212-63AA00574
Z77JTNN7,2020-01-09 20:00:00,NQ397NTZ,NK 212-63AA00575
7XM9QJT6,2020-01-09 20:00:00,NQ6JQ4U7,NK 212-63AA00576
7XH3M7C7,2020-01-09 20:00:00,NQQMQH73,NK 212-63AA00577
Z7FJ3NC4,2020-01-09 20:00:00,NQULCP7F,NK 212-63AA00578
Z7MJJ9M3,2020-01-09 20:00:00,NQ4JUUFC,NK 212-63AA00579
7XTJNHLZ,2020-01-09 20:00:00,NQMFJ733,NK 212-63AA00580
Z79NNG3C,2020-01-09 20:00:00,NQ4UEJGC,NK 212-63AA00581
Z736TEPF,2020-01-09 20:00:00,NQUQ6AQ3,NK 212-63AA00582
7XMA49GF,2020-01-09 20:00:00,NQM7CQH6,NK 212-63AA00583
Z7GH4M93,2020-01-09 20:00:00,NQPGU694,NK 212-63AA00584
7X3A7TA3,2020-01-09 20:00:00,NQG4UN9Z,NK 212-63AA00585
7XQANEHA,2020-01-09 20:00:00,NQJQ4A9C,NK 212-63AA00586
Z7P4Q747,2020-01-09 20:00:00,NQFFPT9F,NK 212-63AA00587
Z74QP3AZ,2020-01-09 20:00:00,NQNHH947,NK 212-63AA00588
Z7LCG7EZ,2020-01-09 20:00:00,NQ4QHEP7,NK 212-63AA00589
7XJGEQMC,2020-01-09 20:00:00,NQEPMN97,NK 212-63AA00590
Z73LH4L4,2020-01-09 20:00:00,NQ6NQ6L4,NK 212-63AA00591
Z7UEPT34,2020-01-09 20:00:00,NQ33CJN3,NK 212-63AA00592
Z7ENFGTC,2020-01-09 20:00:00,NQEGUHJ9,NK 212-63AA00593
7X9774QF,2020-01-09 20:00:00,NQMG6JTZ,NK 212-63AA00594
Z7F97GAX,2020-01-09 20:00:00,NQMQT3TX,NK 212-63AA00595
Z7JF3J93,2020-01-09 20:00:00,NQJ3AJ36,NK 212-63AA00596
Z7UF4C6C,2020-01-09 20:00:00,NQ4QGPT4,NK 212-63AA00597
7XN9GCQX,2020-01-09 20:00:00,NQTEEQ99,NK 212-63AA00598
7X47L6LZ,2020-01-09 20:00:00,NQ9QTGC7,NK 212-63AA00599
7X4UFQPZ,2020-01-09 20:00:00,NQPJNJP3,NK 212-63AA00600
7XCAFAQ6,2020-01-09 20:00:00,NQ9QCC4F,NK 212-63AA00601
Z7PTPQ6C,2020-01-09 20:00:00,NQ7E7J6A,NK 212-63AA00602
7XJLHFQ4,2020-01-09 20:00:00,NQ3PGFMC,NK 212-63AA00603
Z7HMUN96,2020-01-09 20:00:00,NQC9EQ96,NK 212-63AA00604
Z7QQP3GZ,2020-01-09 20:00:00,NQTTMCP3,NK 212-63AA00605
7X9CTCMA,2020-01-09 20:00:00,NQTNFNG6,NK 212-63AA00606
Z74L7HP9,2020-01-09 20:00:00,NQG4763Z,NK 212-63AA00607
7XNAUPP3,2020-01-09 20:00:00,NQHU373C,NK 212-63AA00608
7XJ6PQQX,2020-01-09 20:00:00,NQFLCH9X,NK 212-63AA00609
7XMJ4FHC,2020-01-09 20:00:00,NQ4JHTLC,NK 212-63AA00610
Z7LEC4FZ,2020-01-09 20:00:00,NQ334M3C,NK 212-63AA00611
Z7PNLP7X,2020-01-09 20:00:00,NQGTE3PZ,NK 212-63AA00612
7X7C3MHF,2020-01-09 20:00:00,NQTUGJEX,NK 212-63AA00613
Z74JNGPX,2020-01-09 20:00:00,NQEUJNC4,NK 212-63AA00614
7X7GQN9A,2020-01-09 20:00:00,NQ6C6QMX,NK 212-63AA00615
7XFLPCJA,2020-01-09 20:00:00,NQQLN4JF,NK 212-63AA00616
7XQ9FETC,2020-01-09 20:00:00,NQNHC6MF,NK 212-63AA00617
7XECUQG7,2020-01-09 20:00:00,NQTPA3NC,NK 212-63AA00618
7XNHUH39,2020-01-09 20:00:00,NQFHJ9C7,NK 212-63AA00619
Z7AA4C96,2020-01-09 20:00:00,NQQ3LMTF,NK 212-63AA00620
7X6J7P94,2020-01-09 20:00:00,NQU9E6C7,NK 212-63AA00621
Z74ALF7F,2020-01-09 20:00:00,NQ3TP64C,NK 212-63AA00622
7XJUJQ7C,2020-01-09 20:00:00,NQQ3GC63,NK 212-63AA00623
Z7T3CAPA,2020-01-09 20:00:00,NQQT74E3,NK 212-63AA00624
7XL4A6AA,2020-01-09 20:00:00,NQP347F6,NK 212-63AA00625
7XEJTMP7,2020-01-09 20:00:00,NQFPQFJC,NK 212-63AA00626
Z7Q497U4,2020-01-09 20:00:00,NQT4HJ34,NK 212-63AA00627
Z7T49CLZ,2020-01-09 20:00:00,NQUJPFM3,NK 212-63AA00628
7XT6NEA9,2020-01-09 20:00:00,NQLGA7GF,NK 212-63AA00629
7X3GCE3Z,2020-01-09 20:00:00,NQQLEHEA,NK 212-63AA00630
7XTGHMQZ,2020-01-09 20:00:00,NQUGEPH6,NK 212-63AA00631
7X3TPNGC,2020-01-09 20:00:00,NQ9HQ9MA,NK 212-63AA00632
7X4FEAU3,2020-01-09 20:00:00,NQ3PEMU7,NK 212-63AA00633
Z7UH3G33,2020-01-09 20:00:00,NQ4LLJT7,NK 212-63AA00634
Z76C7JCC,2020-01-09 20:00:00,NQHME7TX,NK 212-63AA00635
Z7LGLQEA,2020-01-09 20:00:00,NQFEGJ4X,NK 212-63AA00636
7XL6CN4X,2020-01-09 20:00:00,NQH3EAFF,NK 212-63AA00637
7XQFL6PA,2020-01-09 20:00:00,NQLJGQF6,NK 212-63AA00638
7XGT37GC,2020-01-09 20:00:00,NQ7F36UX,NK 212-63AA00639
Z7UNUNM6,2020-01-09 20:00:00,NQT67LC3,NK 212-63AA00640
Z763TU4Z,2020-01-09 20:00:00,NQEL9UM9,NK 212-63AA00641
7XTAMGN3,2020-01-09 20:00:00,NQMUACL3,NK 212-63AA00642
Z7JL49F9,2020-01-09 20:00:00,NQ7P779F,NK 212-63AA00643
7X4G3JGX,2020-01-09 20:00:00,NQGGL3E9,NK 212-63AA00644
7XNC3JLA,2020-01-09 20:00:00,NQPF97GF,NK 212-63AA00645
7XQ9GH7Z,2020-01-09 20:00:00,NQMJ9GP3,NK 212-63AA00646
Z79HL3PC,2020-01-09 20:00:00,NQ39P4HC,NK 212-63AA00647
Z7447TCX,2020-01-09 20:00:00,NQN4NHL4,NK 212-63AA00648
7XPPH9C3,2020-01-09 20:00:00,NQ47G4GC,NK 212-63AA00649
7XFF7M4A,2020-01-09 20:00:00,NQCNLJE4,NK 212-63AA00650
7X3EHPA4,2020-01-09 20:00:00,NQFTL969,NK 212-63AA00651
7XQ6H9N7,2020-01-09 20:00:00,NQFHE9LA,NK 212-63AA00652
7XLU7NQF,2020-01-09 20:00:00,NQM3464F,NK 212-63AA00653
7XFJLG3F,2020-01-09 20:00:00,NQJUT944,NK 212-63AA00654
7XFCPP99,2020-01-09 20:00:00,NQCQTG4X,NK 212-63AA00655
Z7ACQFTF,2020-01-09 20:00:00,NQQLE337,NK 212-63AA00656
7XFQH9FX,2020-01-09 20:00:00,NQ3JHP9C,NK 212-63AA00657
Z7JLLE4C,2020-01-09 20:00:00,NQCEHTPX,NK 212-63AA00658
7XPJ3A9F,2020-01-09 20:00:00,NQ9EJF49,NK 212-63AA00659
Z76NMMTZ,2020-01-09 20:00:00,NQGQ944X,NK 212-63AA00660
Z7FLE3FF,2020-01-09 20:00:00,NQ3U4PN3,NK 212-63AA00661
Z7F6FF66,2020-01-09 20:00:00,NQJG6H96,NK 212-63AA00662
Z7CA7M93,2020-01-09 20:00:00,NQ6H4TQ3,NK 212-63AA00663
Z7APTMQ3,2020-01-09 20:00:00,NQNMPN43,NK 212-63AA00664
7X3AQ7E6,2020-01-09 20:00:00,NQTGFH6X,NK 212-63AA00665
Z7TTF4J3,2020-01-09 20:00:00,NQAF7MUC,NK 212-63AA00666
7XLQ4MG3,2020-01-09 20:00:00,NQULLFE3,NK 212-63AA00667
Z7JLNNQ6,2020-01-09 20:00:00,NQAMU6N3,NK 212-63AA00668
7XAUTHC7,2020-01-09 20:00:00,NQ6HPM93,NK 212-63AA00669
7X7QCLN4,2020-01-09 20:00:00,NQNL6GE6,NK 212-63AA00670
7XGJ9LM4,2020-01-09 20:00:00,NQECCTNC,NK 212-63AA00671
7XQUEHHZ,2020-01-09 20:00:00,NQ69MHFC,NK 212-63AA00672
7XFJFJMX,2020-01-09 20:00:00,NQGM4433,NK 212-63AA00673
7X46TUAC,2020-01-09 20:00:00,NQP37GA7,NK 212-63AA00674
7XMJTPC7,2020-01-09 20:00:00,NQP6GM39,NK 212-63AA00675
Z7M339FZ,2020-01-09 20:00:00,NQ7LP3QZ,NK 212-63AA00676
Z7ENNUF3,2020-01-09 20:00:00,NQAPL74C,NK 212-63AA00677
7XPEPQQX,2020-01-09 20:00:00,NQUTLHPC,NK 212-63AA00678
Z74TPEH7,2020-01-09 20:00:00,NQN3HJJF,NK 212-63AA00679
7XUUFUN6,2020-01-09 20:00:00,NQ4Q73F3,NK 212-63AA00680
7XHTT43C,2020-01-09 20:00:00,NQMTCJU6,NK 212-63AA00681
Z7EEC7EZ,2020-01-09 20:00:00,NQUHMHF9,NK 212-63AA00682
Z7NQQTH4,2020-01-09 20:00:00,NQU4GLN9,NK 212-63AA00683
7X6Q3639,2020-01-09 20:00:00,NQ4A7UP4,NK 212-63AA00684
Z7T7FN4X,2020-01-09 20:00:00,NQA7AG99,NK 212-63AA00685
Z73FQUJF,2020-01-09 20:00:00,NQHPGUJ9,NK 212-63AA00686
7X33FQQ9,2020-01-09 20:00:00,NQ79NAC4,NK 212-63AA00687
7XA6JNG4,2020-01-09 20:00:00,NQNHMFQF,NK 212-63AA00688
Z7EA7UFA,2020-01-09 20:00:00,NQJNE9HA,NK 212-63AA00689
Z7JM4MGF,2020-01-09 20:00:00,NQF3E369,NK 212-63AA00690
Z7MH36C4,2020-01-09 20:00:00,NQUGL9L3,NK 212-63AA00691
Z7FH6HFF,2020-01-09 20:00:00,NQHTFNM6,NK 212-63AA00692
Z7EJCMEA,2020-01-09 20:00:00,NQG94HPF,NK 212-63AA00693
7XGJG474,2020-01-09 20:00:00,NQ9AEEN9,NK 212-63AA00694
7XAFP7H3,2020-01-09 20:00:00,NQAP4CPX,NK 212-63AA00695
Z7PCCLA4,2020-01-09 20:00:00,NQTJ4Q4Z,NK 212-63AA00696
Z7UTE774,2020-01-09 20:00:00,NQF4Q496,NK 212-63AA00697
Z77EUCE3,2020-01-09 20:00:00,NQUGGJE6,NK 212-63AA00698
7XCMQCL7,2020-01-09 20:00:00,NQEEJGJ9,NK 212-63AA00699
7X4NQUQ7,2020-01-09 20:00:00,NQ6939GF,NK 212-63AA00700
7X9GF746,2020-01-09 20:00:00,NQG4QU3A,NK 212-63AA00701
7X9F7EGA,2020-01-09 20:00:00,NQ9FT3M4,NK 212-63AA00702
Z7PC6FU6,2020-01-09 20:00:00,NQU4MLN3,NK 212-63AA00703
Z7JJ3UGX,2020-01-09 20:00:00,NQLPHJ76,NK 212-63AA00704
7X6CJFJX,2020-01-09 20:00:00,NQ3GHPGZ,NK 212-63AA00705
7X937M9C,2020-01-09 20:00:00,NQLC343Z,NK 212-63AA00706
7XG6Q3G3,2020-01-09 20:00:00,NQPT77CF,NK 212-63AA00707
Z7673UNZ,2020-01-09 20:00:00,NQAM9LHC,NK 212-63AA00708
7XC9FL4A,2020-01-09 20:00:00,NQ647FCC,NK 212-63AA00709
7XTU6H33,2020-01-09 20:00:00,NQFUNEAA,NK 212-63AA00710
Z7J4LAFZ,2020-01-09 20:00:00,NQP943Q7,NK 212-63AA00711
7XTQ4PH4,2020-01-09 20:00:00,NQPMPJC3,NK 212-63AA00712
7XN9TAG4,2020-01-09 20:00:00,NQJE49M6,NK 212-63AA00713
7X6E7996,2020-01-09 20:00:00,NQEGPUNF,NK 212-63AA00714
7X96ELU9,2020-01-09 20:00:00,NQ69LPH3,NK 212-63AA00715
7X43QGE7,2020-01-09 20:00:00,NQPLJL3X,NK 212-63AA00716
7X6LJ3G4,2020-01-09 20:00:00,NQ49PPJ4,NK 212-63AA00717
7XHH6EA3,2020-01-09 20:00:00,NQEELPE7,NK 212-63AA00718
7XNMF74F,2020-01-09 20:00:00,NQGNPUH3,NK 212-63AA00719
7XQ6PJ37,2020-01-09 20:00:00,NQU3H6MX,NK 212-63AA00720
Z74HL974,2020-01-09 20:00:00,NQ6M3AA3,NK 212-63AA00721
7XU7AM3C,2020-01-09 20:00:00,NQJNLLFZ,NK 212-63AA00722
7XUQHEC6,2020-01-09 20:00:00,NQ77GLP9,NK 212-63AA00723
7XT4EC37,2020-01-09 20:00:00,NQMLLLLF,NK 212-63AA00724
Z76APCA4,2020-01-09 20:00:00,NQUPNA9X,NK 212-63AA00725
7XC4CTUF,2020-01-09 20:00:00,NQNQE977,NK 212-63AA00726
7XMFAG63,2020-01-09 20:00:00,NQG9H7GC,NK 212-63AA00727
Z7F6JJQC,2020-01-09 20:00:00,NQUP96UX,NK 212-63AA00728
7X7HAE73,2020-01-09 20:00:00,NQPP7QH6,NK 212-63AA00729
7XL6QTQ6,2020-01-09 20:00:00,NQHF69PA,NK 212-63AA00730
7X9TNF73,2020-01-09 20:00:00,NQQMCU44,NK 212-63AA00731
Z7GMFHT6,2020-01-09 20:00:00,NQA7E99F,NK 212-63AA00732
Z76UF7FZ,2020-01-09 20:00:00,NQMHLHCA,NK 212-63AA00733
Z74QUP69,2020-01-09 20:00:00,NQTL97JF,NK 212-63AA00734
7XLNG7LF,2020-01-09 20:00:00,NQMQJMF9,NK 212-63AA00735
7X4T74TX,2020-01-09 20:00:00,NQP673NA,NK 212-63AA00736
Z7CMAQT4,2020-01-09 20:00:00,NQ7HNN79,NK 212-63AA00737
Z774Q4GA,2020-01-09 20:00:00,NQMTETM9,NK 212-63AA00738
7XA79LUF,2020-01-09 20:00:00,NQ9MPC37,NK 212-63AA00739
7X4ULHHA,2020-01-09 20:00:00,NQ3PGEM9,NK 212-63AA00740
Z7E7TJJA,2020-01-09 20:00:00,NQMFCNM3,NK 212-63AA00741
7XNEEEM7,2020-01-09 20:00:00,NQQFL4LZ,NK 212-63AA00742
Z7CN4C97,2020-01-09 20:00:00,NQU3EQ96,NK 212-63AA00743
7XULMFQ9,2020-01-09 20:00:00,NQPMQJEA,NK 212-63AA00744
Z7J44NHA,2020-01-09 20:00:00,NQG9QFQZ,NK 212-63AA00745
7XJPQ3EF,2020-01-09 20:00:00,NQMCT9A4,NK 212-63AA00746
Z7HJA3G7,2020-01-09 20:00:00,NQQTCNFC,NK 212-63AA00747
7XFEM469,2020-01-09 20:00:00,NQEAFJMA,NK 212-63AA00748
7X3FTJP6,2020-01-09 20:00:00,NQU763Q3,NK 212-63AA00749
7XQN9EHA,2020-01-09 20:00:00,NQMHJPFF,NK 212-63AA00750
7XHAJFQC,2020-01-09 20:00:00,NQJFEAU4,NK 212-63AA00751
7XPJNMC3,2020-01-09 20:00:00,NQ7TUECF,NK 212-63AA00752
7X6NNTGA,2020-01-09 20:00:00,NQHQTLT7,NK 212-63AA00753
Z7UM7E6A,2020-01-09 20:00:00,NQ6CUEPZ,NK 212-63AA00754
7XL9APPA,2020-01-09 20:00:00,NQF36E64,NK 212-63AA00755
Z77NLH79,2020-01-09 20:00:00,NQ7A4QPC,NK 212-63AA00756
Z7HE6U46,2020-01-09 20:00:00,NQQ7TGPZ,NK 212-63AA00757
Z74EHHEF,2020-01-09 20:00:00,NQPNNAU6,NK 212-63AA00758
7XPTCFP7,2020-01-09 20:00:00,NQLMTH44,NK 212-63AA00759
Z7LEFP7Z,2020-01-09 20:00:00,NQGQFJH7,NK 212-63AA00760
7XLAPCG9,2020-01-09 20:00:00,NQA734NF,NK 212-63AA00761
7XAAUCN3,2020-01-09 20:00:00,NQ3PPME4,NK 212-63AA00762
Z7L7ALQC,2020-01-09 20:00:00,NQN6HFQA,NK 212-63AA00763
Z7JPCJPC,2020-01-09 20:00:00,NQGE3HEA,NK 212-63AA00764
7X4LUHPA,2020-01-09 20:00:00,NQU6QPM4,NK 212-63AA00765
7XF477T9,2020-01-09 20:00:00,NQMCLMJA,NK 212-63AA00766
7XEQNNUC,2020-01-09 20:00:00,NQHC4PFA,NK 212-63AA00767
Z7G3NF4A,2020-01-09 20:00:00,NQQ9P4JC,NK 212-63AA00768
7XNCE4AX,2020-01-09 20:00:00,NQJPJ7LA,NK 212-63AA00769
Z7M36697,2020-01-09 20:00:00,NQ6FL379,NK 212-63AA00770
7XFANA6A,2020-01-09 20:00:00,NQ3T4CE7,NK 212-63AA00771
7XMJTM4Z,2020-01-09 20:00:00,NQCPEF6A,NK 212-63AA00772
7XATL6UX,2020-01-09 20:00:00,NQ9Q4766,NK 212-63AA00773
7X4794UA,2020-01-09 20:00:00,NQJ9JL97,NK 212-63AA00774
Z7UMJQ47,2020-01-09 20:00:00,NQACN7EF,NK 212-63AA00775
Z7PGCQ6Z,2020-01-09 20:00:00,NQANTQPX,NK 212-63AA00776
7XNFHHUC,2020-01-09 20:00:00,NQFGNGE7,NK 212-63AA00777
Z7GF6MG7,2020-01-09 20:00:00,NQFMMMEZ,NK 212-63AA00778
7X33HF3C,2020-01-09 20:00:00,NQN6GJUA,NK 212-63AA00779
7XP47L34,2020-01-09 20:00:00,NQ4TPJPA,NK 212-63AA00780
Z79QUA74,2020-01-09 20:00:00,NQU9FFN3,NK 212-63AA00781
Z74U7FN6,2020-01-09 20:00:00,NQAA3M6C,NK 212-63AA00782
Z7TJ966A,2020-01-09 20:00:00,NQG776CF,NK 212-63AA00783
7XFAF7EC,2020-01-09 20:00:00,NQQUQ7CA,NK 212-63AA00784
7XL3JCM6,2020-01-09 20:00:00,NQHFMGAC,NK 212-63AA00785
Z7UJULCX,2020-01-09 20:00:00,NQPEQF7F,NK 212-63AA00786
7X6MUQ3Z,2020-01-09 20:00:00,NQH4PPA6,NK 212-63AA00787
7XQQMLUZ,2020-01-09 20:00:00,NQQATPE6,NK 212-63AA00788
7XUH6643,2020-01-09 20:00:00,NQGULFE4,NK 212-63AA00789
7XEJLLLC,2020-01-09 20:00:00,NQQPE4EZ,NK 212-63AA00790
7X336LU7,2020-01-09 20:00:00,NQ3J3HL4,NK 212-63AA00791
7X67ANQ9,2020-01-09 20:00:00,NQ9U937C,NK 212-63AA00792
Z7TG3QUZ,2020-01-09 20:00:00,NQQEJJJ4,NK 212-63AA00793
7XHEM4A9,2020-01-09 20:00:00,NQANA9N6,NK 212-63AA00794
Z7N6M937,2020-01-09 20:00:00,NQ3363LZ,NK 212-63AA00795
7XQ7MEC6,2020-01-09 20:00:00,NQP4A7Q7,NK 212-63AA00796
Z7EQ9A7A,2020-01-09 20:00:00,NQC3MMN7,NK 212-63AA00797
Z7CEHC99,2020-01-09 20:00:00,NQGU7QG7,NK 212-63AA00798
Z7GFQQTF,2020-01-09 20:00:00,NQP3NNN3,NK 212-63AA00799
Z7FMLG63,2020-01-09 20:00:00,NQN99MQF,NK 212-63AA00800
7X7G3HP7,2020-01-09 20:00:00,NQJPHA9X,NK 212-63AA00801
Z7LGL694,2020-01-09 20:00:00,NQMCUPEZ,NK 212-63AA00802
7XP9EN3Z,2020-01-09 20:00:00,NQ3TPTGF,NK 212-63AA00803
7XLGUHC6,2020-01-09 20:00:00,NQ3EC63F,NK 212-63AA00804
Z7LA9MMZ,2020-01-09 20:00:00,NQNCFGH3,NK 212-63AA00805
Z7CHHAM4,2020-01-09 20:00:00,NQ43LMM3,NK 212-63AA00806
7XJLU6QA,2020-01-09 20:00:00,NQLJCPCX,NK 212-63AA00807
7X3LEFA6,2020-01-09 20:00:00,NQML7M9A,NK 212-63AA00808
Z7CM7EA6,2020-01-09 20:00:00,NQGNAAU3,NK 212-63AA00809
Z7CF3LU7,2020-01-09 20:00:00,NQHHPF9A,NK 212-63AA00810
Z797U46Z,2020-01-09 20:00:00,NQ4LC7T3,NK 212-63AA00811
7X4HEHMZ,2020-01-09 20:00:00,NQPP34PF,NK 212-63AA00812
7XF9F4N9,2020-01-09 20:00:00,NQA399HF,NK 212-63AA00813
Z7JUJJG3,2020-01-09 20:00:00,NQ6L9EEF,NK 212-63AA00814
7X9MFE7F,2020-01-09 20:00:00,NQ6UCCFC,NK 212-63AA00815
7XCPJ6GZ,2020-01-09 20:00:00,NQGGH3HZ,NK 212-63AA00816
Z7JP4EP6,2020-01-09 20:00:00,NQLC74TC,NK 212-63AA00817
7X36LU4X,2020-01-09 20:00:00,NQEFQHA9,NK 212-63AA00818
Z7QPU7TA,2020-01-09 20:00:00,NQ44Q7E7,NK 212-63AA00819
Z7PF6PFC,2020-01-09 20:00:00,NQL7QQCF,NK 212-63AA00820
Z7FP4G47,2020-01-09 20:00:00,NQPCU97A,NK 212-63AA00821
7XGJ4PL9,2020-01-09 20:00:00,NQNPA7J3,NK 212-63AA00822
7XF9HTQF,2020-01-09 20:00:00,NQHMQET9,NK 212-63AA00823
7X3UUEEZ,2020-01-09 20:00:00,NQTQJ46A,NK 212-63AA00824
7XL4CJHZ,2020-01-09 20:00:00,NQ6GGUG7,NK 212-63AA00825
7X9QLE64,2020-01-09 20:00:00,NQUN9MC3,NK 212-63AA00826
Z7FH7HT6,2020-01-09 20:00:00,NQ4UMFQ3,NK 212-63AA00827
Z737EPL4,2020-01-09 20:00:00,NQCQ7AFC,NK 212-63AA00828
7XPML7T3,2020-01-09 20:00:00,NQU6PQA3,NK 212-63AA00829
Z7G337F3,2020-01-09 20:00:00,NQLHHPE3,NK 212-63AA00830
Z7HCUL4X,2020-01-09 20:00:00,NQTU7C3F,NK 212-63AA00831
7XTTNJG9,2020-01-09 20:00:00,NQ9T3JF9,NK 212-63AA00832
7XQ7NNN9,2020-01-09 20:00:00,NQ4GE3TZ,NK 212-63AA00833
Z7TNHEGA,2020-01-09 20:00:00,NQ6A33MZ,NK 212-63AA00834
Z7THNLEC,2020-01-09 20:00:00,NQPLNUQA,NK 212-63AA00835
Z7CJ4P7X,2020-01-09 20:00:00,NQHJTHEC,NK 212-63AA00836
Z7TA67U9,2020-01-09 20:00:00,NQ4CHCTF,NK 212-63AA00837
7XC9HUEX,2020-01-09 20:00:00,NQEEHCQZ,NK 212-63AA00838
7XAAJ4FC,2020-01-09 20:00:00,NQGN9UL4,NK 212-63AA00839
7XPUH69X,2020-01-09 20:00:00,NQLHCNEZ,NK 212-63AA00840
Z73J7AP3,2020-01-09 20:00:00,NQLNP6GZ,NK 212-63AA00841
7X3TAQ94,2020-01-09 20:00:00,NQG3QC9X,NK 212-63AA00842
7XUPQGT3,2020-01-09 20:00:00,NQ6CPFNX,NK 212-63AA00843
Z7LMJJTC,2020-01-09 20:00:00,NQCAAUL4,NK 212-63AA00844
Z7LEL979,2020-01-09 20:00:00,NQL7GAFF,NK 212-63AA00845
7XFQP7A4,2020-01-09 20:00:00,NQJGJGA7,NK 212-63AA00846
Z7TGAJT4,2020-01-09 20:00:00,NQQMNMNA,NK 212-63AA00847
Z76N7HFC,2020-01-09 20:00:00,NQQA4L37,NK 212-63AA00848
7XCA39AX,2020-01-09 20:00:00,NQHUGHGF,NK 212-63AA00849
Z7AAHLHZ,2020-01-09 20:00:00,NQJ9P3H4,NK 212-63AA00850
Z7T3AFJC,2020-01-09 20:00:00,NQCFE6UX,NK 212-63AA00851
7X7E4C7A,2020-01-09 20:00:00,NQP9GHTC,NK 212-63AA00852
7XT49999,2020-01-09 20:00:00,NQQNLJ76,NK 212-63AA00853
7XHFMPCZ,2020-01-09 20:00:00,NQL63QL6,NK 212-63AA00854
7XNL7CAZ,2020-01-09 20:00:00,NQH4E7TX,NK 212-63AA00855
7X69U6C7,2020-01-09 20:00:00,NQG7A3G7,NK 212-63AA00856
Z7JNHA69,2020-01-09 20:00:00,NQ4HG9C3,NK 212-63AA00857
7XPHLLJC,2020-01-09 20:00:00,NQAP6AU4,NK 212-63AA00858
7X3NQJPZ,2020-01-09 20:00:00,NQA4U4G3,NK 212-63AA00859
Z7T6CUHA,2020-01-09 20:00:00,NQQH69Q4,NK 212-63AA00860
7X9LP7P9,2020-01-09 20:00:00,NQLFATN6,NK 212-63AA00861
7XLHL9CX,2020-01-09 20:00:00,NQ9UC6LF,NK 212-63AA00862
Z73MATHC,2020-01-09 20:00:00,NQ9TU9N6,NK 212-63AA00863
7X3CNMN6,2020-01-09 20:00:00,NQM437F4,NK 212-63AA00864
Z7L3JCH6,2020-01-09 20:00:00,NQUPJ46Z,NK 212-63AA00865
7XCE749X,2020-01-09 20:00:00,NQN3LJ74,NK 212-63AA00866
7XTMCCAX,2020-01-09 20:00:00,NQENCFH7,NK 212-63AA00867
Z7HTHNE4,2020-01-09 20:00:00,NQ3FQ9L4,NK 212-63AA00868
7XCT396X,2020-01-09 20:00:00,NQLAG9Q3,NK 212-63AA00869
7XCMLGG3,2020-01-09 20:00:00,NQ74M3AA,NK 212-63AA00870
Z7Q7T3J3,2020-01-09 20:00:00,NQUFJL3Z,NK 212-63AA00871
Z7G4GJ77,2020-01-09 20:00:00,NQLFQFU3,NK 212-63AA00872
Z74MHELA,2020-01-09 20:00:00,NQ9LUALF,NK 212-63AA00873
7XQFUG6A,2020-01-09 20:00:00,NQLPQ49Z,NK 212-63AA00874
Z7EA9N74,2020-01-09 20:00:00,NQJ77JG7,NK 212-63AA00875
7XC7MN3C,2020-01-09 20:00:00,NQ9TFPCC,NK 212-63AA00876
Z7JMH6LZ,2020-01-09 20:00:00,NQPFGP76,NK 212-63AA00877
Z7GH4676,2020-01-09 20:00:00,NQFAATA9,NK 212-63AA00878
7X7JQ7QZ,2020-01-09 20:00:00,NQF7J37A,NK 212-63AA00879
7XLHGEN7,2020-01-09 20:00:00,NQQMHA37,NK 212-63AA00880
7XLJ34NX,2020-01-09 20:00:00,NQNP9PJ6,NK 212-63AA00881
Z77FNCJX,2020-01-09 20:00:00,NQPFUL49,NK 212-63AA00882
Z7ANPG9C,2020-01-09 20:00:00,NQ9PJQUA,NK 212-63AA00883
Z7EM3FFA,2020-01-09 20:00:00,NQFU3U47,NK 212-63AA00884
Z73UUU76,2020-01-09 20:00:00,NQJMAQHC,NK 212-63AA00885
7XE4HU39,2020-01-09 20:00:00,NQ673T44,NK 212-63AA00886
7XJFE9GA,2020-01-09 20:00:00,NQH694U3,NK 212-63AA00887
Z7Q943M3,2020-01-09 20:00:00,NQUJ6E9A,NK 212-63AA00888
7XLJN333,2020-01-09 20:00:00,NQ744HEF,NK 212-63AA00889
Z7QEHP4X,2020-01-09 20:00:00,NQPQH7NX,NK 212-63AA00890
7XMM9HP3,2020-01-09 20:00:00,NQ66MAF3,NK 212-63AA00891
7X6T9UC9,2020-01-09 20:00:00,NQ94A399,NK 212-63AA00892
7X6HAT3X,2020-01-09 20:00:00,NQ7NGM7F,NK 212-63AA00893
Z7GF6FAA,2020-01-09 20:00:00,NQ7LE4M7,NK 212-63AA00894
7XJ76QGA,2020-01-09 20:00:00,NQ94TFU7,NK 212-63AA00895
Z7U3NCGF,2020-01-09 20:00:00,NQT4TMTF,NK 212-63AA00896
7XCHGL97,2020-01-09 20:00:00,NQ499FFC,NK 212-63AA00897
Z76AEC79,2020-01-09 20:00:00,NQNG7MQ6,NK 212-63AA00898
Z7THTAQX,2020-01-09 20:00:00,NQGTGGP3,NK 212-63AA00899
Z7NFPCTC,2020-01-09 20:00:00,NQ7J9Q3X,NK 212-63AA00900
7XGTHG77,2020-01-09 20:00:00,NQF6JLJF,NK 212-63AA00901
Z79MLGE6,2020-01-09 20:00:00,NQH9APMF,NK 212-63AA00902
Z7L6FAGX,2020-01-09 20:00:00,NQJPN3LZ,NK 212-63AA00903
7XE7HMJ3,2020-01-09 20:00:00,NQHPPJQ4,NK 212-63AA00904
7XQCTH7C,2020-01-09 20:00:00,NQJ7779A,NK 212-63AA00905
7XN9Q9LA,2020-01-09 20:00:00,NQP3UUMX,NK 212-63AA00906
Z7LE6LN7,2020-01-09 20:00:00,NQTP73UA,NK 212-63AA00907
Z76GU7HX,2020-01-09 20:00:00,NQACTAP3,NK 212-63AA00908
Z7ATANLF,2020-01-09 20:00:00,NQTU9AQC,NK 212-63AA00909
Z7QPFN4X,2020-01-09 20:00:00,NQMLUJM3,NK 212-63AA00910
Z7NJ679C,2020-01-09 20:00:00,NQF3Q6L3,NK 212-63AA00911
Z7JN6CM9,2020-01-09 20:00:00,NQFGJUPZ,NK 212-63AA00912
Z74A3NH6,2020-01-09 20:00:00,NQJJQFP9,NK 212-63AA00913
Z7NT3FN4,2020-01-09 20:00:00,NQ9NCHGZ,NK 212-63AA00914
7XQQTH64,2020-01-09 20:00:00,NQHTECL9,NK 212-63AA00915
7XHHUUG4,2020-01-09 20:00:00,NQNPLAF9,NK 212-63AA00916
Z7FPA467,2020-01-09 20:00:00,NQUGCHG6,NK 212-63AA00917
7X6FGPJZ,2020-01-09 20:00:00,NQLGUNUC,NK 212-63AA00918
7XTUHTPZ,2020-01-09 20:00:00,NQNQ7UF6,NK 212-63AA00919
Z7GNEFG9,2020-01-09 20:00:00,NQ3MGGC6,NK 212-63AA00920
Z7QPQ3F3,2020-01-09 20:00:00,NQF3GE9F,NK 212-63AA00921
7XC7T9AC,2020-01-09 20:00:00,NQ6EU67F,NK 212-63AA00922
Z7FTQQAX,2020-01-09 20:00:00,NQNFEFEX,NK 212-63AA00923
7X437NG7,2020-01-09 20:00:00,NQ4JAUTX,NK 212-63AA00924
Z7G74C9Z,2020-01-09 20:00:00,NQQTTJT3,NK 212-63AA00925
7XNGFMEZ,2020-01-09 20:00:00,NQQHQGQ3,NK 212-63AA00926
7XM9FF69,2020-01-09 20:00:00,NQ33MJQF,NK 212-63AA00927
7XJGMFAF,2020-01-09 20:00:00,NQLGAEUF,NK 212-63AA00928
7X6393F7,2020-01-09 20:00:00,NQEJEETC,NK 212-63AA00929
7XG7TCE7,2020-01-09 20:00:00,NQH6NPUF,NK 212-63AA00930
7XHLMNHX,2020-01-09 20:00:00,NQEELUG3,NK 212-63AA00931
Z764ALG4,2020-01-09 20:00:00,NQ76JE3Z,NK 212-63AA00932
Z7P9JEA4,2020-01-09 20:00:00,NQ4943TA,NK 212-63AA00933
Z7GMA49F,2020-01-09 20:00:00,NQF4GG74,NK 212-63AA00934
Z7MPCQM3,2020-01-09 20:00:00,NQ7JCUP3,NK 212-63AA00935
7XGPEE77,2020-01-09 20:00:00,NQU6AJA6,NK 212-63AA00936
7X69JJUZ,2020-01-09 20:00:00,NQFCMAG9,NK 212-63AA00937
7XN76T3C,2020-01-09 20:00:00,NQ6EMFL6,NK 212-63AA00938
Z77466TA,2020-01-09 20:00:00,NQAQGUGZ,NK 212-63AA00939
Z7CUTCQ3,2020-01-09 20:00:00,NQPTEEM4,NK 212-63AA00940
Z7CG9C94,2020-01-09 20:00:00,NQA9G976,NK 212-63AA00941
Z7FQJTMC,2020-01-09 20:00:00,NQUAM3UA,NK 212-63AA00942
7XMMC393,2020-01-09 20:00:00,NQPL4CHA,NK 212-63AA00943
Z7TGHA3C,2020-01-09 20:00:00,NQQLEUUX,NK 212-63AA00944
7XCN6QPF,2020-01-09 20:00:00,NQL6AGUA,NK 212-63AA00945
7XG773MF,2020-01-09 20:00:00,NQUCCN4X,NK 212-63AA00946
Z7M9GE93,2020-01-09 20:00:00,NQPNGCLC,NK 212-63AA00947
7XN6GPC9,2020-01-09 20:00:00,NQHJM4CX,NK 212-63AA00948
Z7EPGUM4,2020-01-09 20:00:00,NQ6GM7GF,NK 212-63AA00949
Z7F9E6PZ,2020-01-09 20:00:00,NQC9P3LZ,NK 212-63AA00950
7XJQPH49,2020-01-09 20:00:00,NQC946J3,NK 212-63AA00951
Z7NN49LF,2020-01-09 20:00:00,NQ974QU6,NK 212-63AA00952
Z79TUCJA,2020-01-09 20:00:00,NQAM6CPC,NK 212-63AA00953
7XNHEEPA,2020-01-09 20:00:00,NQCJFTTC,NK 212-63AA00954
Z7FT6CM6,2020-01-09 20:00:00,NQA6PEQA,NK 212-63AA00955
Z7CQNJTC,2020-01-09 20:00:00,NQMNNMHX,NK 212-63AA00956
7X7GLH7F,2020-01-09 20:00:00,NQ6HMAT6,NK 212-63AA00957
7XQQLMT9,2020-01-09 20:00:00,NQ9TQA93,NK 212-63AA00958
Z7F9GU4A,2020-01-09 20:00:00,NQ7T739A,NK 212-63AA00959
Z7PN6HEC,2020-01-09 20:00:00,NQHQNQMF,NK 212-63AA00960
Z7Q3UQMF,2020-01-09 20:00:00,NQTGQFTZ,NK 212-63AA00961
Z7E3QJUZ,2020-01-09 20:00:00,NQ77TNL3,NK 212-63AA00962
7XMEA3E9,2020-01-09 20:00:00,NQECEEC6,NK 212-63AA00963
7XQ3M7PX,2020-01-09 20:00:00,NQHC3439,NK 212-63AA00964
Z7MAQ9C6,2020-01-09 20:00:00,NQ6H4UP9,NK 212-63AA00965
Z7HHEHMA,2020-01-09 20:00:00,NQCJ9P93,NK 212-63AA00966
7X4TEC33,2020-01-09 20:00:00,NQH6E3N9,NK 212-63AA00967
7XFC63LX,2020-01-09 20:00:00,NQG99NC3,NK 212-63AA00968
7XFTEUJ6,2020-01-09 20:00:00,NQJ3J93Z,NK 212-63AA00969
Z7MPHF3F,2020-01-09 20:00:00,NQ3APUM6,NK 212-63AA00970
Z7TT7TH9,2020-01-09 20:00:00,NQN3799X,NK 212-63AA00971
7XUQQ7A6,2020-01-09 20:00:00,NQA96JU6,NK 212-63AA00972
Z7HHJ4TF,2020-01-09 20:00:00,NQ67UEE9,NK 212-63AA00973
7XTJU66C,2020-01-09 20:00:00,NQMPGJFA,NK 212-63AA00974
Z7PCU3A7,2020-01-09 20:00:00,NQM4ELM4,NK 212-63AA00975
7XPCQ9H4,2020-01-09 20:00:00,NQEM49PF,NK 212-63AA00976
7XJ6LJN7,2020-01-09 20:00:00,NQHCGJ66,NK 212-63AA00977
Z7PFUQFF,2020-01-09 20:00:00,NQF9GET4,NK 212-63AA00978
7X7T6HUA,2020-01-09 20:00:00,NQELMT93,NK 212-63AA00979
7X9NENNF,2020-01-09 20:00:00,NQE37PC9,NK 212-63AA00980
7XLH9UL3,2020-01-09 20:00:00,NQH7C44F,NK 212-63AA00981
7XFTFGF7,2020-01-09 20:00:00,NQA9GQ3A,NK 212-63AA00982
7X6PG64Z,2020-01-09 20:00:00,NQCMLAJ4,NK 212-63AA00983
Z7EG6EP9,2020-01-09 20:00:00,NQ9Q7TT7,NK 212-63AA00984
7XNTANG4,2020-01-09 20:00:00,NQCT6AHF,NK 212-63AA00985
7X4TGEFF,2020-01-09 20:00:00,NQT6UFU9,NK 212-63AA00986
7XE4CPQ3,2020-01-09 20:00:00,NQCAF77F,NK 212-63AA00987
Z7AUJUTC,2020-01-09 20:00:00,NQHGGLL4,NK 212-63AA00988
7XJJ9QTX,2020-01-09 20:00:00,NQ676L77,NK 212-63AA00989
7XA66LJ6,2020-01-09 20:00:00,NQ4PQ639,NK 212-63AA00990
7XGM7UM6,2020-01-09 20:00:00,NQLENLA4,NK 212-63AA00991
7XA44QQ3,2020-01-09 20:00:00,NQT9N799,NK 212-63AA00992
Z7F4P6C4,2020-01-09 20:00:00,NQ9QQAC9,NK 212-63AA00993
Z77MNJ7A,2020-01-09 20:00:00,NQJ6EHC3,NK 212-63AA00994
7XAEUAQ3,2020-01-09 20:00:00,NQFCTA4Z,NK 212-63AA00995
7X7CM6T7,2020-01-09 20:00:00,NQ9J93G7,NK 212-63AA00996
7XE3PNFX,2020-01-09 20:00:00,NQLLUGMC,NK 212-63AA00997
Z7LNGLE4,2020-01-09 20:00:00,NQQ37LQ4,NK 212-63AA00998
Z7UANLQ4,2020-01-09 20:00:00,NQHQ7AHX,NK 212-63AA00999
7XC6JHQF,2020-01-09 20:00:00,NQEFUE93,NK 212-63AA01000
