uniquecode,received
ABCDE123451242,2020-01-09 20:00:00
ABCDE123451243,2020-01-09 20:00:00
ABCDE123451244,2020-01-09 20:00:00
ABCDE123451245,2020-01-09 20:00:00
ABCDE123451246,2020-01-09 20:00:00
ABCDE123451247,2020-01-09 20:00:00
ABCDE123451248,2020-01-09 20:00:00
ABCDE123451249,2020-01-09 20:00:00
ABCDE123451250,2020-01-09 20:00:00
ABCDE123451251,2020-01-09 20:00:00
ABCDE123451252,2020-01-09 20:00:00
ABCDE123451253,2020-01-09 20:00:00
ABCDE123451254,2020-01-09 20:00:00
ABCDE123451255,2020-01-09 20:00:00
ABCDE123451256,2020-01-09 20:00:00
ABCDE123451257,2020-01-09 20:00:00
ABCDE123451258,2020-01-09 20:00:00
ABCDE123451259,2020-01-09 20:00:00
ABCDE123451260,2020-01-09 20:00:00
ABCDE123451261,2020-01-09 20:00:00
ABCDE123451262,2020-01-09 20:00:00
ABCDE123451263,2020-01-09 20:00:00
ABCDE123451264,2020-01-09 20:00:00
ABCDE123451265,2020-01-09 20:00:00
ABCDE123451266,2020-01-09 20:00:00
ABCDE123451267,2020-01-09 20:00:00
ABCDE123451268,2020-01-09 20:00:00
ABCDE123451269,2020-01-09 20:00:00
ABCDE123451270,2020-01-09 20:00:00
ABCDE123451271,2020-01-09 20:00:00
ABCDE123451272,2020-01-09 20:00:00
ABCDE123451273,2020-01-09 20:00:00
ABCDE123451274,2020-01-09 20:00:00
ABCDE123451275,2020-01-09 20:00:00
ABCDE123451276,2020-01-09 20:00:00
ABCDE123451277,2020-01-09 20:00:00
ABCDE123451278,2020-01-09 20:00:00
ABCDE123451279,2020-01-09 20:00:00
ABCDE123451280,2020-01-09 20:00:00
ABCDE123451281,2020-01-09 20:00:00
ABCDE123451282,2020-01-09 20:00:00
ABCDE123451283,2020-01-09 20:00:00
ABCDE123451284,2020-01-09 20:00:00
ABCDE123451285,2020-01-09 20:00:00
ABCDE123451286,2020-01-09 20:00:00
ABCDE123451287,2020-01-09 20:00:00
ABCDE123451288,2020-01-09 20:00:00
ABCDE123451289,2020-01-09 20:00:00
ABCDE123451290,2020-01-09 20:00:00
ABCDE123451291,2020-01-09 20:00:00
ABCDE123451292,2020-01-09 20:00:00
ABCDE123451293,2020-01-09 20:00:00
ABCDE123451294,2020-01-09 20:00:00
ABCDE123451295,2020-01-09 20:00:00
ABCDE123451296,2020-01-09 20:00:00
ABCDE123451297,2020-01-09 20:00:00
ABCDE123451298,2020-01-09 20:00:00
ABCDE123451299,2020-01-09 20:00:00
ABCDE123451300,2020-01-09 20:00:00
ABCDE123451301,2020-01-09 20:00:00
ABCDE123451302,2020-01-09 20:00:00
ABCDE123451303,2020-01-09 20:00:00
ABCDE123451304,2020-01-09 20:00:00
ABCDE123451305,2020-01-09 20:00:00
ABCDE123451306,2020-01-09 20:00:00
ABCDE123451307,2020-01-09 20:00:00
ABCDE123451308,2020-01-09 20:00:00
ABCDE123451309,2020-01-09 20:00:00
ABCDE123451310,2020-01-09 20:00:00
ABCDE123451311,2020-01-09 20:00:00
ABCDE123451312,2020-01-09 20:00:00
ABCDE123451313,2020-01-09 20:00:00
ABCDE123451314,2020-01-09 20:00:00
ABCDE123451315,2020-01-09 20:00:00
ABCDE123451316,2020-01-09 20:00:00
ABCDE123451317,2020-01-09 20:00:00
ABCDE123451318,2020-01-09 20:00:00
ABCDE123451319,2020-01-09 20:00:00
ABCDE123451320,2020-01-09 20:00:00
ABCDE123451321,2020-01-09 20:00:00
ABCDE123451322,2020-01-09 20:00:00
ABCDE123451323,2020-01-09 20:00:00
ABCDE123451324,2020-01-09 20:00:00
ABCDE123451325,2020-01-09 20:00:00
ABCDE123451326,2020-01-09 20:00:00
ABCDE123451327,2020-01-09 20:00:00
ABCDE123451328,2020-01-09 20:00:00
ABCDE123451329,2020-01-09 20:00:00
ABCDE123451330,2020-01-09 20:00:00
ABCDE123451331,2020-01-09 20:00:00
ABCDE123451332,2020-01-09 20:00:00
ABCDE123451333,2020-01-09 20:00:00
ABCDE123451334,2020-01-09 20:00:00
ABCDE123451335,2020-01-09 20:00:00
ABCDE123451336,2020-01-09 20:00:00
ABCDE123451337,2020-01-09 20:00:00
ABCDE123451338,2020-01-09 20:00:00
ABCDE123451339,2020-01-09 20:00:00
ABCDE123451340,2020-01-09 20:00:00
ABCDE123451341,2020-01-09 20:00:00
ABCDE123451342,2020-01-09 20:00:00
ABCDE123451343,2020-01-09 20:00:00
ABCDE123451344,2020-01-09 20:00:00
ABCDE123451345,2020-01-09 20:00:00
ABCDE123451346,2020-01-09 20:00:00
ABCDE123451347,2020-01-09 20:00:00
ABCDE123451348,2020-01-09 20:00:00
ABCDE123451349,2020-01-09 20:00:00
ABCDE123451350,2020-01-09 20:00:00
ABCDE123451351,2020-01-09 20:00:00
ABCDE123451352,2020-01-09 20:00:00
ABCDE123451353,2020-01-09 20:00:00
ABCDE123451354,2020-01-09 20:00:00
ABCDE123451355,2020-01-09 20:00:00
ABCDE123451356,2020-01-09 20:00:00
ABCDE123451357,2020-01-09 20:00:00
ABCDE123451358,2020-01-09 20:00:00
ABCDE123451359,2020-01-09 20:00:00
ABCDE123451360,2020-01-09 20:00:00
ABCDE123451361,2020-01-09 20:00:00
ABCDE123451362,2020-01-09 20:00:00
ABCDE123451363,2020-01-09 20:00:00
ABCDE123451364,2020-01-09 20:00:00
ABCDE123451365,2020-01-09 20:00:00
ABCDE123451366,2020-01-09 20:00:00
ABCDE123451367,2020-01-09 20:00:00
ABCDE123451368,2020-01-09 20:00:00
ABCDE123451369,2020-01-09 20:00:00
ABCDE123451370,2020-01-09 20:00:00
ABCDE123451371,2020-01-09 20:00:00
ABCDE123451372,2020-01-09 20:00:00
ABCDE123451373,2020-01-09 20:00:00
ABCDE123451374,2020-01-09 20:00:00
ABCDE123451375,2020-01-09 20:00:00
ABCDE123451376,2020-01-09 20:00:00
ABCDE123451377,2020-01-09 20:00:00
ABCDE123451378,2020-01-09 20:00:00
ABCDE123451379,2020-01-09 20:00:00
ABCDE123451380,2020-01-09 20:00:00
ABCDE123451381,2020-01-09 20:00:00
ABCDE123451382,2020-01-09 20:00:00
ABCDE123451383,2020-01-09 20:00:00
ABCDE123451384,2020-01-09 20:00:00
ABCDE123451385,2020-01-09 20:00:00
ABCDE123451386,2020-01-09 20:00:00
ABCDE123451387,2020-01-09 20:00:00
ABCDE123451388,2020-01-09 20:00:00
ABCDE123451389,2020-01-09 20:00:00
ABCDE123451390,2020-01-09 20:00:00
ABCDE123451391,2020-01-09 20:00:00
ABCDE123451392,2020-01-09 20:00:00
ABCDE123451393,2020-01-09 20:00:00
ABCDE123451394,2020-01-09 20:00:00
ABCDE123451395,2020-01-09 20:00:00
ABCDE123451396,2020-01-09 20:00:00
ABCDE123451397,2020-01-09 20:00:00
ABCDE123451398,2020-01-09 20:00:00
ABCDE123451399,2020-01-09 20:00:00
ABCDE123451400,2020-01-09 20:00:00
ABCDE123451401,2020-01-09 20:00:00
ABCDE123451402,2020-01-09 20:00:00
ABCDE123451403,2020-01-09 20:00:00
ABCDE123451404,2020-01-09 20:00:00
ABCDE123451405,2020-01-09 20:00:00
ABCDE123451406,2020-01-09 20:00:00
ABCDE123451407,2020-01-09 20:00:00
ABCDE123451408,2020-01-09 20:00:00
ABCDE123451409,2020-01-09 20:00:00
ABCDE123451410,2020-01-09 20:00:00
ABCDE123451411,2020-01-09 20:00:00
ABCDE123451412,2020-01-09 20:00:00
ABCDE123451413,2020-01-09 20:00:00
ABCDE123451414,2020-01-09 20:00:00
ABCDE123451415,2020-01-09 20:00:00
ABCDE123451416,2020-01-09 20:00:00
ABCDE123451417,2020-01-09 20:00:00
ABCDE123451418,2020-01-09 20:00:00
ABCDE123451419,2020-01-09 20:00:00
ABCDE123451420,2020-01-09 20:00:00
ABCDE123451421,2020-01-09 20:00:00
ABCDE123451422,2020-01-09 20:00:00
ABCDE123451423,2020-01-09 20:00:00
ABCDE123451424,2020-01-09 20:00:00
ABCDE123451425,2020-01-09 20:00:00
ABCDE123451426,2020-01-09 20:00:00
ABCDE123451427,2020-01-09 20:00:00
ABCDE123451428,2020-01-09 20:00:00
ABCDE123451429,2020-01-09 20:00:00
ABCDE123451430,2020-01-09 20:00:00
ABCDE123451431,2020-01-09 20:00:00
ABCDE123451432,2020-01-09 20:00:00
ABCDE123451433,2020-01-09 20:00:00
ABCDE123451434,2020-01-09 20:00:00
ABCDE123451435,2020-01-09 20:00:00
ABCDE123451436,2020-01-09 20:00:00
ABCDE123451437,2020-01-09 20:00:00
ABCDE123451438,2020-01-09 20:00:00
ABCDE123451439,2020-01-09 20:00:00
ABCDE123451440,2020-01-09 20:00:00
ABCDE123451441,2020-01-09 20:00:00
ABCDE123451442,2020-01-09 20:00:00
ABCDE123451443,2020-01-09 20:00:00
ABCDE123451444,2020-01-09 20:00:00
ABCDE123451445,2020-01-09 20:00:00
ABCDE123451446,2020-01-09 20:00:00
ABCDE123451447,2020-01-09 20:00:00
ABCDE123451448,2020-01-09 20:00:00
ABCDE123451449,2020-01-09 20:00:00
ABCDE123451450,2020-01-09 20:00:00
ABCDE123451451,2020-01-09 20:00:00
ABCDE123451452,2020-01-09 20:00:00
ABCDE123451453,2020-01-09 20:00:00
ABCDE123451454,2020-01-09 20:00:00
ABCDE123451455,2020-01-09 20:00:00
ABCDE123451456,2020-01-09 20:00:00
ABCDE123451457,2020-01-09 20:00:00
ABCDE123451458,2020-01-09 20:00:00
ABCDE123451459,2020-01-09 20:00:00
ABCDE123451460,2020-01-09 20:00:00
ABCDE123451461,2020-01-09 20:00:00
ABCDE123451462,2020-01-09 20:00:00
ABCDE123451463,2020-01-09 20:00:00
ABCDE123451464,2020-01-09 20:00:00
ABCDE123451465,2020-01-09 20:00:00
ABCDE123451466,2020-01-09 20:00:00
ABCDE123451467,2020-01-09 20:00:00
ABCDE123451468,2020-01-09 20:00:00
ABCDE123451469,2020-01-09 20:00:00
ABCDE123451470,2020-01-09 20:00:00
ABCDE123451471,2020-01-09 20:00:00
ABCDE123451472,2020-01-09 20:00:00
ABCDE123451473,2020-01-09 20:00:00
ABCDE123451474,2020-01-09 20:00:00
ABCDE123451475,2020-01-09 20:00:00
ABCDE123451476,2020-01-09 20:00:00
ABCDE123451477,2020-01-09 20:00:00
ABCDE123451478,2020-01-09 20:00:00
ABCDE123451479,2020-01-09 20:00:00
ABCDE123451480,2020-01-09 20:00:00
ABCDE123451481,2020-01-09 20:00:00
ABCDE123451482,2020-01-09 20:00:00
ABCDE123451483,2020-01-09 20:00:01
ABCDE123451484,2020-01-09 20:00:02
ABCDE123451485,2020-01-09 20:00:03
ABCDE123451486,2020-01-09 20:00:04
ABCDE123451487,2020-01-09 20:00:05
ABCDE123451488,2020-01-09 20:00:06
ABCDE123451489,2020-01-09 20:00:07
ABCDE123451490,2020-01-09 20:00:08
ABCDE123451491,2020-01-09 20:00:09
ABCDE123451492,2020-01-09 20:00:10
ABCDE123451493,2020-01-09 20:00:11
ABCDE123451494,2020-01-09 20:00:12
ABCDE123451495,2020-01-09 20:00:13
ABCDE123451496,2020-01-09 20:00:14
ABCDE123451497,2020-01-09 20:00:15
ABCDE123451498,2020-01-09 20:00:16
ABCDE123451499,2020-01-09 20:00:17
ABCDE123451500,2020-01-09 20:00:18
ABCDE123451501,2020-01-09 20:00:19
ABCDE123451502,2020-01-09 20:00:20
ABCDE123451503,2020-01-09 20:00:21
ABCDE123451504,2020-01-09 20:00:22
ABCDE123451505,2020-01-09 20:00:23
ABCDE123451506,2020-01-09 20:00:24
ABCDE123451507,2020-01-09 20:00:25
ABCDE123451508,2020-01-09 20:00:26
ABCDE123451509,2020-01-09 20:00:27
ABCDE123451510,2020-01-09 20:00:28
ABCDE123451511,2020-01-09 20:00:29
ABCDE123451512,2020-01-09 20:00:30
ABCDE123451513,2020-01-09 20:00:31
ABCDE123451514,2020-01-09 20:00:32
ABCDE123451515,2020-01-09 20:00:33
ABCDE123451516,2020-01-09 20:00:34
ABCDE123451517,2020-01-09 20:00:35
ABCDE123451518,2020-01-09 20:00:36
ABCDE123451519,2020-01-09 20:00:37
ABCDE123451520,2020-01-09 20:00:38
ABCDE123451521,2020-01-09 20:00:39
ABCDE123451522,2020-01-09 20:00:40
ABCDE123451523,2020-01-09 20:00:41
ABCDE123451524,2020-01-09 20:00:42
ABCDE123451525,2020-01-09 20:00:43
ABCDE123451526,2020-01-09 20:00:44
ABCDE123451527,2020-01-09 20:00:45
ABCDE123451528,2020-01-09 20:00:46
ABCDE123451529,2020-01-09 20:00:47
ABCDE123451530,2020-01-09 20:00:48
ABCDE123451531,2020-01-09 20:00:49
ABCDE123451532,2020-01-09 20:00:50
ABCDE123451533,2020-01-09 20:00:51
ABCDE123451534,2020-01-09 20:00:52
ABCDE123451535,2020-01-09 20:00:53
ABCDE123451536,2020-01-09 20:00:54
ABCDE123451537,2020-01-09 20:00:55
ABCDE123451538,2020-01-09 20:00:56
ABCDE123451539,2020-01-09 20:00:57
ABCDE123451540,2020-01-09 20:00:58
